Ten,Dia chi,Loai,Lat,Lng,Tu khoa goc,Immigration,Residence / Local Police,Embassy / Consulate,Healthcare,Administrative,Emergency
Cục Quản Lý Xuất Nhập Cảnh TP. HCM,"337 Nguyễn Trãi, Phường Nguyễn Cư Trinh, Quận 1, Thành phố Hồ Chí Minh, Việt Nam",Phòng visa và hộ chiếu,10.7614574,106.6861867,Cục Quản lý Xuất nhập cảnh tại TPHCM,1,0,0,0,0,0
Phòng Quản Lý Xuất Nhập Cảnh TP. HCM,"196 Nguyễn Thị Minh Khai, Phường 6, Quận 3, Thành phố Hồ Chí Minh, Việt Nam",Phòng visa và hộ chiếu,10.7755057,106.6908911,Cục Quản lý Xuất nhập cảnh tại TPHCM,1,0,0,0,0,0
Phòng Quản Lý Xuất Nhập Cảnh,"17 Đường N3, Chánh Nghĩa, Thủ Dầu Một, Bình Dương, Việt Nam",Phòng visa và hộ chiếu,10.9721144,106.6616822,Phòng Quản lý Xuất nhập cảnh Công an TPHCM,1,0,0,0,0,0
Tổng Lãnh sự quán Đức tại Tp. Hồ Chí Minh,"33 Lê Duẩn, Bến Nghé, Quận 1, Thành phố Hồ Chí Minh, Việt Nam",Tòa lãnh sự nước ngoài,10.782296,106.7007338,Danh sách Lãnh sự quán tại TPHCM,0,0,1,0,0,0
Lãnh sự quán Lào,"93 Pasteur, Bến Nghé, Quận 1, Thành phố Hồ Chí Minh, Việt Nam",Tòa lãnh sự nước ngoài,10.7772391,106.6991053,Danh sách Lãnh sự quán tại TPHCM,0,0,1,0,0,0
Tổng Lãnh Sự Quán Úc,"Tòa nhà Vincom, 47 Lý Tự Trọng, Bến Nghé, Quận 1, Thành phố Hồ Chí Minh, Việt Nam",Tòa lãnh sự nước ngoài,10.7780495,106.7017714,Danh sách Lãnh sự quán tại TPHCM,0,0,1,0,0,0
Tổng Lãnh sự quán Hoa Kỳ,"4 Lê Duẩn, Bến Nghé, Quận 1, Thành phố Hồ Chí Minh, Việt Nam",Tòa lãnh sự nước ngoài,10.7834782,106.7006011,Danh sách Lãnh sự quán tại TPHCM,0,0,1,0,0,0
Tổng Lãnh Sự Quán Vương Quốc Hà Lan,"29 Lê Duẩn, Bến Nghé, Quận 1, Thành phố Hồ Chí Minh, Việt Nam",Tòa lãnh sự nước ngoài,10.7826872,106.7011895,Danh sách Lãnh sự quán tại TPHCM,0,0,1,0,0,0
Tổng Lãnh Sự Quán Pháp,"27 Nguyễn Thị Minh Khai, Bến Nghé, Quận 1, Thành phố Hồ Chí Minh, Việt Nam",Tòa lãnh sự nước ngoài,10.7832875,106.6986484,Danh sách Lãnh sự quán tại TPHCM,0,0,1,0,0,0
Tổng lãnh sự quán Indonesia tại TP Hồ Chí Minh,"18 Phùng Khắc Khoan, Đa Kao, Quận 1, Thành phố Hồ Chí Minh, Việt Nam",Văn phòng chính phủ,10.7852743,106.6973197,Danh sách Lãnh sự quán tại TPHCM,0,0,1,0,0,0
Lãnh sự quán Bồ Đào Nha tại Tp. Hồ Chí Minh,"151 Nam Kỳ Khởi Nghĩa, Phường 6, Quận 3, Thành phố Hồ Chí Minh, Việt Nam",Tòa lãnh sự nước ngoài,10.7818089,106.6922645,Danh sách Lãnh sự quán tại TPHCM,0,0,1,0,0,0
Lãnh sự Quán Danh dự Áo,"118/40 Nguyễn Văn Hưởng, Thảo Điền, Thủ Đức, Thành phố Hồ Chí Minh, Việt Nam",,10.8087493,106.7269223,Danh sách Lãnh sự quán tại TPHCM,0,0,1,0,0,0
Tổng lãnh sự quán Trung Quốc,"175 Hai Bà Trưng, Phường 6, Quận 3, Thành phố Hồ Chí Minh, Việt Nam",Tòa lãnh sự nước ngoài,10.7851161,106.6951675,Danh sách Lãnh sự quán tại TPHCM,0,0,1,0,0,0
Tổng lãnh sự quán Hàn Quốc,"107 Nguyễn Du, Phường Bến Thành, Quận 1, Thành phố Hồ Chí Minh, Việt Nam",Tòa lãnh sự nước ngoài,10.7743367,106.6957231,Danh sách Lãnh sự quán tại TPHCM,0,0,1,0,0,0
Tổng Lãnh Sự Quán Thái Lan,"77 Trần Quốc Thảo, Phường Võ Thị Sáu, Quận 3, Thành phố Hồ Chí Minh 700000, Việt Nam",Tòa lãnh sự nước ngoài,10.7815654,106.6875899,Danh sách Lãnh sự quán tại TPHCM,0,0,1,0,0,0
Tổng Lãnh sự quán Liên bang Nga tại TP. Hồ Chí Minh,"40 Bà Huyện Thanh Quan, Phường 6, Quận 3, Thành phố Hồ Chí Minh 70215, Việt Nam",Tòa lãnh sự nước ngoài,10.7775505,106.6878981,Danh sách Lãnh sự quán tại TPHCM,0,0,1,0,0,0
Lãnh sự Danh dự nước Cộng hòa Nam Phi,"19 Phùng Khắc Khoan, Đa Kao, Quận 1, Thành phố Hồ Chí Minh, Việt Nam",Tòa lãnh sự nước ngoài,10.7847628,106.6975793,Danh sách Lãnh sự quán tại TPHCM,0,0,1,0,0,0
Tổng Lãnh Sự Quán Malaysia,"109 Nguyễn Văn Hưởng, Thảo Điền, Thủ Đức, Thành phố Hồ Chí Minh 71107, Việt Nam",Tòa lãnh sự nước ngoài,10.8072085,106.7253595,Danh sách Lãnh sự quán tại TPHCM,0,0,1,0,0,0
Bệnh viện Quốc tế City,"3 Đường Số 17A, Bình Trị Đông B, Bình Tân, Thành phố Hồ Chí Minh 700000, Việt Nam",Bệnh viện đa khoa,10.7410166,106.609125,Bệnh viện quốc tế tại TPHCM,0,0,0,1,0,0
Bệnh viện Đa khoa Quốc tế Vinmec Central Park,"208 Nguyễn Hữu Cảnh, Vinhomes Tân Cảng, Bình Thạnh, Thành phố Hồ Chí Minh 700000, Việt Nam",Bệnh viện đa khoa,10.7939771,106.7203482,Bệnh viện quốc tế tại TPHCM,0,0,0,1,0,0
Bệnh Viện Quốc Tế DNA,"1015 Trần Hưng Đạo, Phường An Đông, Quận 5, Thành phố Hồ Chí Minh 700000, Việt Nam",Bệnh viện,10.7535654,106.6755241,Bệnh viện quốc tế tại TPHCM,0,0,0,1,0,0
Bệnh viện Quốc tế Thảo Điền,"95/3 Thảo Điền, Thủ Đức, Thành phố Hồ Chí Minh 700000, Việt Nam",Bệnh viện,10.8075735,106.7337172,Bệnh viện quốc tế tại TPHCM,0,0,0,1,0,0
Bệnh Viện Đa Khoa Quốc Tế Nam Sài Gòn,"88 Đường Số 8, Khu dân cư Trung Sơn, Bình Chánh, Thành phố Hồ Chí Minh, Việt Nam",Bệnh viện đa khoa,10.7358661,106.6908671,Bệnh viện quốc tế tại TPHCM,0,0,0,1,0,0
Bệnh Viện Quốc Tế Mỹ (AIH),"199 Nguyễn Hoàng, An Phú, Thủ Đức, Thành phố Hồ Chí Minh 70000, Việt Nam",Bệnh viện,10.7938414,106.7463764,Bệnh viện quốc tế tại TPHCM,0,0,0,1,0,0
Bệnh viện Quốc tế Minh Anh,"36 Đường số 1B, Bình Trị Đông B, Bình Tân, Thành phố Hồ Chí Minh, Việt Nam",Bệnh viện tư nhân,10.747509,106.6145533,Bệnh viện quốc tế tại TPHCM,0,0,0,1,0,0
Bệnh viện Chuyên Khoa Ngoại Thần Kinh Quốc Tế,"65A Đ. Lũy Bán Bích, Tân Thới Hoà, Tân Phú, Thành phố Hồ Chí Minh, Việt Nam",Bệnh viện chuyên khoa,10.7612331,106.6321374,Bệnh viện quốc tế tại TPHCM,0,0,0,1,0,0
Công Ty TNHH Bệnh viện Quốc tế Queen,"118 Bành Văn Trân, Phường 7, Tân Bình, Thành phố Hồ Chí Minh 700000, Việt Nam",Bệnh viện đa khoa,10.789605,106.656719,Bệnh viện quốc tế tại TPHCM,0,0,0,1,0,0
Bệnh viện phụ sản Quốc Tế Sài Gòn,"63 Bùi Thị Xuân, Phường Phạm Ngũ Lão, Quận 1, Thành phố Hồ Chí Minh 700000, Việt Nam",Bệnh viện phụ sản,10.7697542,106.6886029,Bệnh viện quốc tế tại TPHCM,0,0,0,1,0,0
Bệnh viện Mắt Quốc tế Việt - Nga - TP. HCM,"Đ. 3 Tháng 2/1 Phường Vườn Lài, Phường 10, Quận 10, Thành phố Hồ Chí Minh 70000, Việt Nam",Bệnh viện chuyên khoa,10.7774793,106.6814524,Bệnh viện quốc tế tại TPHCM,0,0,0,1,0,0
Sai Gon International Clinics,"Đ. Trịnh Văn Cấn, Phường Bến Thành, Quận 1, Thành phố Hồ Chí Minh, Việt Nam",Phòng khám,10.7672671,106.6966216,Bệnh viện quốc tế tại TPHCM,0,0,0,1,0,0
Bệnh Viện Đa Khoa Quốc Ánh,"104 - 110 Đường số 54, KDC, Bình Tân, Thành phố Hồ Chí Minh, Việt Nam",Bệnh viện,10.7534734,106.5931056,Bệnh viện quốc tế tại TPHCM,0,0,0,1,0,0
Bệnh viện Quốc tế Becamex,"681 Đại lộ Bình Dương, Hiệp Thành, Thủ Dầu Một, Thành phố Hồ Chí Minh, Việt Nam",Bệnh viện,10.9039873,106.7101018,Bệnh viện quốc tế tại TPHCM,0,0,0,1,0,0
Phòng Khám Đa Khoa Quốc Tế Sài Gòn (SIG) - Quận 7,"441 Đ. Lê Văn Lương, Tân Hưng, Quận 7, Thành phố Hồ Chí Minh 700000, Việt Nam",Trung tâm y tế,10.737844,106.7033359,Bệnh viện quốc tế tại TPHCM,0,0,0,1,0,0
Bệnh viện Nhân dân Gia Định,"1 Nơ Trang Long, Phường 7, Bình Thạnh, Thành phố Hồ Chí Minh, Việt Nam",Bệnh viện,10.8037471,106.6941388,Bệnh viện công tại TPHCM,0,0,0,1,0,0
Bệnh viện Đa khoa Sài Gòn,"125 Lê Lợi, Phường Bến Thành, Quận 1, Thành phố Hồ Chí Minh 700000, Việt Nam",Bệnh viện,10.7721693,106.6993921,Bệnh viện công tại TPHCM,0,0,0,1,0,0
Bệnh viện Bình Dân - Khu điều trị Kỹ thuật cao,"Điện Biên Phủ/326 - 328 Phường Vườn Lài, Phường 3, Quận 10, Thành phố Hồ Chí Minh, Việt Nam",Bệnh viện chuyên khoa,10.7750738,106.681394,Bệnh viện công tại TPHCM,0,0,0,1,0,0
Bệnh viện Nhi Đồng Thành Phố,"15 Đ. Võ Trần Chí, Tân Kiên, Bình Chánh, Thành phố Hồ Chí Minh, Việt Nam",Bệnh viện nhi,10.7096251,106.5738758,Bệnh viện công tại TPHCM,0,0,0,1,0,0
Bệnh viện Phạm Ngọc Thạch,"120 Đ. Hồng Bàng, Phường 12, Quận 5, Thành phố Hồ Chí Minh, Việt Nam",Bệnh viện,10.7570129,106.6659704,Bệnh viện công tại TPHCM,0,0,0,1,0,0
Bệnh viện Bình Dân,"371 Điện Biên Phủ, Phường 4, Quận 3, Thành phố Hồ Chí Minh 700000, Việt Nam",Bệnh viện,10.7740246,106.6812751,Bệnh viện công tại TPHCM,0,0,0,1,0,0
Bệnh viện Ung bướu TP. HCM,"47 Nguyễn Huy Lượng, Phường 14, Bình Thạnh, Thành phố Hồ Chí Minh, Việt Nam",Bệnh viện,10.8049868,106.6943584,Bệnh viện công tại TPHCM,0,0,0,1,0,0
Bệnh viện Trưng Vương,"266 Đ. Lý Thường Kiệt, Phường Diên Hồng, Quận 10, Thành phố Hồ Chí Minh 700000, Việt Nam",Bệnh viện đa khoa,10.7705055,106.6594484,Bệnh viện công tại TPHCM,0,0,0,1,0,0
Bệnh viện Đa khoa khu vực Thủ Đức,"64 Lê Văn Chí, Linh Xuân, Thủ Đức, Thành phố Hồ Chí Minh, Việt Nam",Bệnh viện đa khoa,10.8614915,106.7804391,Bệnh viện công tại TPHCM,0,0,0,1,0,0
Bệnh viện Mắt TP. HCM,"280 Điện Biên Phủ, Phường Võ Thị Sáu, Quận 3, Thành phố Hồ Chí Minh, Việt Nam",Bệnh viện chuyên khoa,10.7783851,106.6853428,Bệnh viện công tại TPHCM,0,0,0,1,0,0
Bệnh viện Răng Hàm Mặt TP. HCM,"263 - 265 Trần Hưng Đạo, Phường Cô Giang, Quận 1, Thành phố Hồ Chí Minh, Việt Nam",Bệnh viện chuyên khoa,10.7635458,106.6919929,Bệnh viện công tại TPHCM,0,0,0,1,0,0
Bệnh viện Nhân Dân 115,"527 Sư Vạn Hạnh, Phường 12, Quận 10, Thành phố Hồ Chí Minh, Việt Nam",Bệnh viện đa khoa,10.7739811,106.6660336,Bệnh viện công tại TPHCM,0,0,0,1,0,0
Bệnh viện Bệnh Nhiệt đới,"764 Võ Văn Kiệt, Phường 1, Quận 5, Thành phố Hồ Chí Minh 700000, Việt Nam",Bệnh viện chuyên khoa,10.7526606,106.6789164,Bệnh viện công tại TPHCM,0,0,0,1,0,0
Bệnh viện Chấn Thương Chỉnh Hình,"929 Trần Hưng Đạo, Phường 1, Quận 5, Thành phố Hồ Chí Minh, Việt Nam",Bệnh viện chuyên khoa,10.7541909,106.6781875,Bệnh viện công tại TPHCM,0,0,0,1,0,0
Bệnh viện Bình Thạnh,"132 Đ. Lê Văn Duyệt, Phường 1, Bình Thạnh, Thành phố Hồ Chí Minh, Việt Nam",Bệnh viện đa khoa,10.7980298,106.6966605,Bệnh viện công tại TPHCM,0,0,0,1,0,0
UBND Phường Sài Gòn,"45-47 Lê Duẩn, Phường Sài Gòn, Quận 1, Thành phố Hồ Chí Minh, Việt Nam",Văn phòng chính quyền địa phương,10.7805959,106.699416,Ủy ban nhân dân Quận 1,0,0,0,0,1,0
UBND Phường Bến Nghé,"29 Nguyễn Trung Ngạn, Bến Nghé, Quận 1, Thành phố Hồ Chí Minh, Việt Nam",Văn phòng chính quyền địa phương,10.7826664,106.7046073,Ủy ban nhân dân Quận 1,0,0,0,0,1,0
UBND phường Phạm Ngũ Lão,"240 Đề Thám, Phường Phạm Ngũ Lão, Quận 1, Thành phố Hồ Chí Minh, Việt Nam",Văn phòng chính phủ liên bang,10.767978,106.693894,Ủy ban nhân dân Quận 1,0,0,0,0,1,0
UBND Thành phố Hồ Chí Minh,"86 Lê Thánh Tôn, Bến Nghé, Quận 1, Thành phố Hồ Chí Minh 700000, Việt Nam",Văn phòng chính quyền thành phố,10.776539,106.7009132,Ủy ban nhân dân Quận 1,0,0,0,0,1,0
UBND Phường Bến Thành,"92 Nguyễn Trãi, Phường Phạm Ngũ Lão, Quận 1, Thành phố Hồ Chí Minh, Việt Nam",Văn phòng chính quyền địa phương,10.7701847,106.691297,Ủy ban nhân dân Quận 1,0,0,0,0,1,0
Bệnh viện Tân Định - Cơ sở 2,"237 Trần Hưng Đạo, Phường Cô Giang, Quận 1, Thành phố Hồ Chí Minh, Việt Nam",Bệnh viện,10.765051,106.693235,Bệnh viện Quận 1,0,0,0,1,0,0
Bệnh viện Đa khoa Tân Định,"338 Hai Bà Trưng, Phường Tân Định, Quận 1, Thành phố Hồ Chí Minh, Việt Nam",Bệnh viện,10.7901324,106.6895943,Bệnh viện Quận 1,0,0,0,1,0,0
Đội CSGT Bến Thành,"52 Nguyễn Khắc Nhu, Phường Cô Giang, Quận 1, Thành phố Hồ Chí Minh, Việt Nam",Trạm cảnh sát giao thông,10.7641946,106.693011,Đội Cảnh sát giao thông Quận 1,0,1,0,0,0,1
Đội PCCC & CNCH Quận 1,"QM6W+F4V, Phường Cô Giang, Quận 1, Thành phố Hồ Chí Minh, Việt Nam",Trạm cứu hỏa,10.7612448,106.6953063,Đội Cảnh sát PCCC và CNCH Quận 1,0,0,0,0,0,1
Phòng Cảnh sát Phòng cháy Chữa cháy và Cứu nạn Cứu hộ TP. Hồ Chí Minh,"258 Trần Hưng Đạo, Phường Nguyễn Cư Trinh, Quận 1, Thành phố Hồ Chí Minh 700000, Việt Nam",Trạm cứu hỏa,10.7607019,106.6884906,Đội Cảnh sát PCCC và CNCH Quận 1,0,0,0,0,0,1
Phòng Công chứng Số 1,"97 Pasteur, Phường, Quận 1, Thành phố Hồ Chí Minh 700000, Việt Nam",Công chứng viên,10.7777534,106.698457,Phòng công chứng Quận 1,0,0,0,0,1,0
Văn Phòng Công Chứng Gia Định,"214/B2 Nguyễn Trãi, Phường Nguyễn Cư Trinh, Quận 1, Thành phố Hồ Chí Minh, Việt Nam",Công chứng viên,10.7630684,106.6860692,Phòng công chứng Quận 1,0,0,0,0,1,0
Văn phòng Công Chứng Bến Thành,"99 - 101 Nguyễn Công Trứ, Phường Nguyễn Thái Bình, Quận 1, Thành phố Hồ Chí Minh, Việt Nam",Công chứng viên,10.7693853,106.702584,Phòng công chứng Quận 1,0,0,0,0,1,0
Văn Phòng Công Chứng Sài Gòn,"136 Nguyễn Thái Bình, Phường Nguyễn Thái Bình, Quận 1, Thành phố Hồ Chí Minh 700000, Việt Nam",Công chứng viên,10.7681803,106.698345,Phòng công chứng Quận 1,0,0,0,0,1,0
Văn Phòng Công Chứng Nguyễn Kim Chi,"235 Trần Quang Khải, Phường Tân Định, Quận 1, Thành phố Hồ Chí Minh, Việt Nam",Dịch vụ pháp lý,10.7913332,106.6888321,Phòng công chứng Quận 1,0,0,0,0,1,0
Văn phòng Công chứng Nguyễn Thành Hưng - Công Chứng Quận 3,"57 Võ Thị Sáu, Phường Xuân Hoà, Quận 3, Thành phố Hồ Chí Minh 70000, Việt Nam",Công chứng viên,10.7875912,106.6918516,Phòng công chứng Quận 1,0,0,0,0,1,0
Văn phòng Công Chứng Châu Á,"44 Võ Văn Tần, Phường 6, Quận 3, Thành phố Hồ Chí Minh, Việt Nam",Công chứng viên,10.7780753,106.6913374,Phòng công chứng Quận 1,0,0,0,0,1,0
VĂN PHÒNG CÔNG CHỨNG TRUNG TÂM THÀNH PHỐ HỒ CHÍ MINH (tên trước đây: VĂN PHÒNG CÔNG CHỨNG PHẠM XUÂN THỌ),"240 Nguyễn Thị Minh Khai, Phường 2, Quận 3, Thành phố Hồ Chí Minh, Việt Nam",Công chứng viên,10.7742991,106.6897592,Phòng công chứng Quận 1,0,0,0,0,1,0
Văn Phòng Công Chứng Bến Nghé,"31 Đ.Lê Thạch, Phường 13, Quận 4, Thành phố Hồ Chí Minh, Việt Nam",Công chứng viên,10.7639866,106.7061585,Phòng công chứng Quận 1,0,0,0,0,1,0
Văn phòng Thừa Phát Lại Quận 1,"124 Trần Quang Khải, Phường Tân Định, Quận 1, Thành phố Hồ Chí Minh 700000, Việt Nam",Công chứng viên,10.7922569,106.6920225,Phòng công chứng Quận 1,0,0,0,0,1,0
Đội Cảnh Sát Giao Thông Trật Tự Cơ Động Quận 3,"243 Cách Mạng Tháng Tám, Phường 4, Quận 3, Thành phố Hồ Chí Minh, Việt Nam",Văn phòng chính phủ,10.7768271,106.6825564,Đội Cảnh sát giao thông Quận 3,0,0,0,0,1,1
Đội CSGT Bàn Cờ,"369 Võ Văn Tần, Phường 5, Quận 3, Thành phố Hồ Chí Minh, Việt Nam",Trạm cảnh sát giao thông,10.7707808,106.685099,Đội Cảnh sát giao thông Quận 3,0,0,0,0,0,1
Phòng CSGT Đường Bộ - Đội Tuần Tra Dẫn Đoàn,"16 Phạm Ngọc Thạch, Phường 6, Quận 3, Thành phố Hồ Chí Minh 700000, Việt Nam",Cảnh sát liên bang,10.7839806,106.6947404,Đội Cảnh sát giao thông Quận 3,0,0,0,0,0,1
Văn phòng Công Chứng Văn Thị Mỹ Đức,"47E Nguyễn Thông, Phường 9, Quận 3, Thành phố Hồ Chí Minh 70000, Việt Nam",Công chứng viên,10.779495,106.681875,Phòng công chứng Quận 3,0,0,0,0,1,0
Văn phòng Công chứng Nguyễn Hà Sơn,"Võ Văn Tần/281 Bàn Cờ, Phường, Quận 3, Thành phố Hồ Chí Minh 700000, Việt Nam",Văn phòng công chứng tư pháp,10.772293,106.6864494,Phòng công chứng Quận 3,0,0,0,0,1,0
Văn Phòng Công Chứng Quận 10 (cũng là Văn phòng Công chứng Nguyễn Lê Nghĩa),"Lê Hồng Phong/519 phường Vườn Lài, Phường 12, Quận 10, Thành phố Hồ Chí Minh, Việt Nam",Văn phòng công ty,10.7671172,106.674369,Phòng công chứng Quận 3,0,0,0,0,1,0
Phòng công chứng số 3,"12 Thống Nhất, Bình Thọ, Thủ Đức, Thành phố Hồ Chí Minh, Việt Nam",Công chứng viên,10.8417964,106.7678792,Phòng công chứng Quận 3,0,0,0,0,1,0
Văn Phòng Công Chứng Lấp Vò,"210 Đ. 3 Tháng 2, Phường 12, Quận 3, Thành phố Hồ Chí Minh, Việt Nam",Công chứng viên,10.7742722,106.6780562,Phòng công chứng Quận 3,0,0,0,0,1,0
UBND Phường Xóm Chiếu,"18 Đoàn Như Hài, Phường 13, Quận 4, Thành phố Hồ Chí Minh, Việt Nam",Văn phòng chính quyền quận,10.7663304,106.7051269,Ủy ban nhân dân Quận 4,0,0,0,0,1,0
UBND Phường 1 Quận 4,"360 Bến Vân Đồn, Phường 1, Quận 4, Thành phố Hồ Chí Minh, Việt Nam",Văn phòng chính quyền địa phương,10.7548731,106.6894445,Ủy ban nhân dân Quận 4,0,0,0,0,1,0
UBND Phường 3 Quận 4,"89 Khánh Hội, Phường 3, Quận 4, Thành phố Hồ Chí Minh, Việt Nam",Văn phòng chính quyền địa phương,10.7550762,106.7017153,Ủy ban nhân dân Quận 4,0,0,0,0,1,0
Trung Tâm Y Tế Quận 4,"217 Khánh Hội, Phường 2, Quận 4, Thành phố Hồ Chí Minh, Việt Nam",Dịch vụ y tế địa phương,10.7583242,106.6992894,Trung tâm y tế Quận 4,0,0,0,1,0,0
Trung Tâm Y Tế Quận 4,"2 Đ. Lê Quốc Hưng, Phường 12, Quận 4, Thành phố Hồ Chí Minh 70000, Việt Nam",Bệnh viện,10.7653885,106.702652,Trung tâm y tế Quận 4,0,0,0,1,0,0
Trạm Y Tế phường 9 Quận 4,"51 Đ. Vĩnh Khánh, Phường 9, Quận 4, Thành phố Hồ Chí Minh, Việt Nam",Dịch vụ y tế địa phương,10.7632355,106.7023075,Trung tâm y tế Quận 4,0,0,0,1,0,0
Trạm Y Tế Phường 4 Quận 4,"183 Tôn Thất Thuyết, Phường 4, Quận 4, Thành phố Hồ Chí Minh, Việt Nam",Trung tâm y tế,10.753298,106.7035431,Trung tâm y tế Quận 4,0,0,0,1,0,0
Phòng Y Tế Quận 4,"22 Đ. Nguyễn Tất Thành, Phường 12, Quận 4, Thành phố Hồ Chí Minh, Việt Nam",Dịch vụ y tế địa phương,10.766574,106.706406,Trung tâm y tế Quận 4,0,0,0,1,1,0
Trạm Y Tế Phường 5 Quận 4,"226 Bến Vân Đồn, Phường 2, Quận 4, Thành phố Hồ Chí Minh 700000, Việt Nam",Trung tâm y tế,10.7602931,106.6965401,Trung tâm y tế Quận 4,0,0,0,1,0,0
Trạm Y Tế Phường 1 Quận 4,"1 Nguyễn Khoái, Phường 3, Quận 4, Thành phố Hồ Chí Minh, Việt Nam",Dịch vụ y tế địa phương,10.7574483,106.6929693,Trung tâm y tế Quận 4,0,0,0,1,0,0
Trạm Y Tế Phường 18 Quận 4,"448/3e Đ. Nguyễn Tất Thành, Phường 18, Quận 4, Thành phố Hồ Chí Minh, Việt Nam",Dịch vụ y tế địa phương,10.7584638,106.7149588,Trung tâm y tế Quận 4,0,0,0,1,0,0
Bệnh viện Quận 4,"65 Bến Vân Đồn, Phường 12, Quận 4, Thành phố Hồ Chí Minh, Việt Nam",Bệnh viện,10.7653969,106.7021024,Trung tâm y tế Quận 4,0,0,0,1,0,0
Trạm Y Tế phường 16 quận 4,"89 bis Tôn Thất Thuyết, Phường 16, Quận 4, Thành phố Hồ Chí Minh, Việt Nam",Trạm y tế tự phục vụ,10.7534041,106.710711,Trung tâm y tế Quận 4,0,0,0,1,0,0
Trạm Y Tế Phường 15 Quận 4,"55 Đ. Tôn Đản, Phường 15, Quận 4, Thành phố Hồ Chí Minh, Việt Nam",Dịch vụ y tế địa phương,10.760298,106.707355,Trung tâm y tế Quận 4,0,0,0,1,0,0
Trạm Y Tế Phường 3 Quận 4,"209/10C Tôn Thất Thuyết, Phường 3, Quận 4, Thành phố Hồ Chí Minh, Việt Nam",Phòng khám,10.7541119,106.699171,Trung tâm y tế Quận 4,0,0,0,1,0,0
Trung Tâm Y Khoa Diag - Khánh Hội,"239 Khánh Hội, Phường 2, Quận 4, Thành phố Hồ Chí Minh 72809, Việt Nam",Trung tâm y tế,10.759073,106.6988115,Trung tâm y tế Quận 4,0,0,0,1,0,0
Trạm Y Tế Phường 8 Quận 4,"Cư Xá, Đ. Vĩnh Hội, Phường 8, Quận 4, Thành phố Hồ Chí Minh 70000, Việt Nam",Trung tâm y tế,10.7609337,106.7013766,Trung tâm y tế Quận 4,0,0,0,1,0,0
Văn Phòng Công Chứng Nguyễn Minh Tấn,"53-55 Đ. Số 41, Phường 9, Quận 4, Thành phố Hồ Chí Minh, Việt Nam",Văn phòng công ty,10.7590804,106.7007996,Phòng công chứng Quận 4,0,0,0,0,1,0
Công chứng Hội nhập,"230 Đ. Số 48, Phường 2, Quận 4, Thành phố Hồ Chí Minh, Việt Nam",Dịch vụ pháp lý,10.7591538,106.6983601,Phòng công chứng Quận 4,0,0,0,0,1,0
"Phòng công chứng số 4, thành phố Hồ Chí Minh","25/5 Hoàng Việt, Phường 4, Tân Bình, Thành phố Hồ Chí Minh 70000, Việt Nam",Công chứng viên,10.7950313,106.6597782,Phòng công chứng Quận 4,0,0,0,0,1,0
Công Chứng Hoàng Xuân Ngụ,"198A Đường Trần Bình Trọng, Phường 4, Quận 5, Thành phố Hồ Chí Minh, Việt Nam",Công chứng viên,10.7604927,106.68008,Phòng công chứng Quận 4,0,0,0,0,1,0
Văn phòng Công chứng Nguyễn Việt Cường,"184 Duong Ba Trac, Phường Rạch Ông, Quận 8, Thành phố Hồ Chí Minh, Việt Nam",Dịch vụ pháp lý,10.746857,106.688809,Phòng công chứng Quận 4,0,0,0,0,1,0
Văn Phòng Công Chứng Quận 4,"122/27/88 Đ. Tôn Đản, Phường 8, Quận 4, Thành phố Hồ Chí Minh, Việt Nam",Văn phòng công ty,10.758959,106.704224,Phòng công chứng Quận 4,0,0,0,0,1,0
Công An Quận 5,"359 Trần Hưng Đạo, Phường 11, Quận 5, Thành phố Hồ Chí Minh, Việt Nam",Sở cảnh sát,10.7519262,106.6606894,Công an Quận 5,0,1,0,0,0,0
Công An Phường 5 Quận 5,"23 Đ. Nguyễn Văn Đừng, Phường 5, Quận 5, Thành phố Hồ Chí Minh, Việt Nam",Cảnh sát dân sự,10.7511792,106.6710296,Công an Quận 5,0,1,0,0,0,0
Công An Phường 5 Quận 5,"77 Đ. Nghĩa Thục, Phường 5, Quận 5, Thành phố Hồ Chí Minh, Việt Nam",Đồn cảnh sát,10.7524639,106.6745696,Công an Quận 5,0,1,0,0,0,0
"Công An Phường 1, Quận 5","660 Võ Văn Kiệt, Phường 1, Quận 5, Thành phố Hồ Chí Minh, Việt Nam",Đồn cảnh sát,10.7520133,106.6837035,Công an Quận 5,0,1,0,0,0,0
Trung Tâm Y Tế Dự Phòng Quận 5 - Cs 2,"164 Nguyễn Tri Phương, Phường 9, Quận 5, Thành phố Hồ Chí Minh, Việt Nam",Trung tâm y tế,10.7582821,106.6693964,Trung tâm y tế Quận 5,0,0,0,1,0,0
Trạm Y tế Phường 5 Quận 5,"50 Đ. Nguyễn Văn Đừng, Phường 5, Quận 5, Thành phố Hồ Chí Minh, Việt Nam",Bệnh viện,10.752024,106.6712416,Trung tâm y tế Quận 5,0,0,0,1,0,0
Trung Tâm Y Tế Phường 10 Quận 5,"225B Trần Hưng Đạo, Phường 11, Quận 5, Thành phố Hồ Chí Minh, Việt Nam",Trung tâm y tế,10.7521458,106.6640679,Trung tâm y tế Quận 5,0,0,0,1,0,0
Trung Tâm Y Tế Dự Phòng,"3 Nguyễn Trãi, Phường 2, Quận 5, Thành phố Hồ Chí Minh, Việt Nam",Trung tâm y tế,10.7591069,106.6834521,Trung tâm y tế Quận 5,0,0,0,1,0,0
Bệnh viện Quận 5,"642 A Nguyễn Trãi, Phường 11, Quận 5, Thành phố Hồ Chí Minh 700000, Việt Nam",Bệnh viện chính phủ,10.7540352,106.6658103,Trung tâm y tế Quận 5,0,0,0,1,0,0
Trung Tâm Y Tế Quận 5 (Trụ sở 3),"168 Nguyễn Tri Phương, Phường 9, Quận 5, Thành phố Hồ Chí Minh, Việt Nam",Dịch vụ y tế địa phương,10.7595122,106.6693077,Trung tâm y tế Quận 5,0,0,0,1,0,0
Tt Y Tế Dự Phòng Tp. Hcm,"699 Trần Hưng Đạo, Phường 1, Quận 5, Thành phố Hồ Chí Minh, Việt Nam",Trung tâm y tế,10.7556576,106.6833267,Trung tâm y tế Quận 5,0,0,0,1,0,0
Trạm Y Tế Phường 7 Quận 5,"282 Trần Phú, Phường 7, Quận 5, Thành phố Hồ Chí Minh, Việt Nam",Trung tâm y tế,10.7567699,106.6731771,Trung tâm y tế Quận 5,0,0,0,1,0,0
Trạm Y Tế Phường 14 Quận 5,"525 Trần Hưng Đạo, Phường 14, Quận 5, Thành phố Hồ Chí Minh, Việt Nam",Trung tâm y tế công cộng,10.7518378,106.6558708,Trung tâm y tế Quận 5,0,0,0,1,0,0
Trạm Y Tế Phường 9 Quận 5,"Chung cư 100 Hùng Vương, 100 Hùng Vương, Phường 9, Quận 5, Thành phố Hồ Chí Minh, Việt Nam",Trung tâm y tế,10.7581111,106.6699905,Trung tâm y tế Quận 5,0,0,0,1,0,0
Trạm Y Tế Phường 7 Quận 5,"123 Đ. Bùi Hữu Nghĩa, Phường 7, Quận 5, Thành phố Hồ Chí Minh, Việt Nam",Trung tâm y tế công cộng,10.7540599,106.6745172,Trung tâm y tế Quận 5,0,0,0,1,0,0
Trạm Y Tế Phường 11 Quận 5,"101 Đ. Phù Đổng Thiên Vương, Phường 11, Quận 5, Thành phố Hồ Chí Minh, Việt Nam",Trung tâm y tế công cộng,10.7548847,106.6623223,Trung tâm y tế Quận 5,0,0,0,1,0,0
Trạm Y Tế Phường 4 Quận 5,"53 Trần Phú, Phường 4, Quận 5, Thành phố Hồ Chí Minh, Việt Nam",Trung tâm y tế,10.7618186,106.6785466,Trung tâm y tế Quận 5,0,0,0,1,0,0
Trạm Y Tế Phường 1 Quận 5,"76 Đ. Nguyễn Biểu, Phường 1, Quận 5, Thành phố Hồ Chí Minh, Việt Nam",Trung tâm y tế,10.7551333,106.6840937,Trung tâm y tế Quận 5,0,0,0,1,0,0
Bệnh viện Chợ Rẫy,"201B Nguyễn Chí Thanh, Phường 12, Quận 5, Thành phố Hồ Chí Minh 700000, Việt Nam",Bệnh viện chính phủ,10.7578646,106.6595131,Bệnh viện Quận 5,0,0,0,1,0,0
Bệnh viện Quân Y 7A,"466 Nguyễn Trãi, Phường 8, Quận 5, Thành phố Hồ Chí Minh 700000, Việt Nam",Bệnh viện quân đội,10.7558263,106.6709538,Bệnh viện Quận 5,0,0,0,1,0,0
Bệnh viện Hùng Vương,"9 Đ. Lý Thường Kiệt, Phường 12, Quận 5, Thành phố Hồ Chí Minh, Việt Nam",Bệnh viện chuyên khoa,10.7565723,106.6618274,Bệnh viện Quận 5,0,0,0,1,0,0
Bệnh viện Đại học Y Dược TP.HCM,"Cơ sở 1, 215 Đ. Hồng Bàng, Phường 11, Quận 5, Thành phố Hồ Chí Minh 700000, Việt Nam",Bệnh viện đại học,10.7553783,106.6644592,Bệnh viện Quận 5,0,0,0,1,0,0
BỆNH VIỆN NGUYỄN TRÃI,"314 Nguyễn Trãi, Phường 7, Quận 5, Thành phố Hồ Chí Minh, Việt Nam",Bệnh viện,10.7561563,106.6749535,Bệnh viện Quận 5,0,0,0,1,0,0
Bệnh viện Răng Hàm Mặt Trung ương Thành phố Hồ Chí Minh,"201A Nguyễn Chí Thanh, Phường, Quận 5, Thành phố Hồ Chí Minh 70000, Việt Nam",Bệnh viện chuyên khoa,10.7579557,106.6605166,Bệnh viện Quận 5,0,0,0,1,0,0
Bệnh viện Nguyễn Tri Phương,"468 Nguyễn Trãi, Phường 7, Quận 5, Thành phố Hồ Chí Minh 70000, Việt Nam",Bệnh viện,10.7550025,106.6705345,Bệnh viện Quận 5,0,0,0,1,0,0
Ward 2 District 5 Health Station,"157B Nguyễn Trãi, Phường 2, Quận 5, Thành phố Hồ Chí Minh, Việt Nam",Bệnh viện đa khoa,10.7572463,106.6787014,Bệnh viện Quận 5,0,0,0,1,0,0
Đội Cảnh Sát Giao Thông - Trật Tự - Cơ Động Quận 5,"946 Võ Văn Kiệt, Phường 5, Quận 5, Thành phố Hồ Chí Minh, Việt Nam",Văn phòng chính quyền địa phương,10.7496638,106.6731527,Đội Cảnh sát giao thông Quận 5,0,1,0,0,1,0
ĐỘI CHỈ HUY GIAO THÔNG VÀ ĐIỀU KHIỂN ĐÈN TÍN HIỆU GIAO THÔNG - PHÒNG CSGT ĐB ĐS TP. HỒ CHÍ MINH,"171 Đ. Nguyễn Biểu, Phường 2, Quận 5, Thành phố Hồ Chí Minh, Việt Nam",Văn phòng chính phủ,10.7566236,106.6832936,Đội Cảnh sát giao thông Quận 5,0,1,0,0,1,1
Đội CSGT Chợ Lớn,"81 Đ. Ngô Quyền, Phường 11, Quận 5, Thành phố Hồ Chí Minh, Việt Nam",Trạm cảnh sát giao thông,10.7535269,106.6664318,Đội Cảnh sát giao thông Quận 5,0,1,0,0,0,1
VĂN PHÒNG CÔNG CHỨNG CHỢ LỚN,"467 Đ. Hồng Bàng, Phường 14, Quận 5, Thành phố Hồ Chí Minh 70000, Việt Nam",Công chứng viên,10.7536032,106.6543794,Phòng công chứng Quận 5,0,0,0,0,1,0
Văn phòng Công chứng Hoàng Xuân Hoan,"187 An Dương Vương, Phường An Đông, Quận 5, Thành phố Hồ Chí Minh, Việt Nam",Công chứng viên,10.7562953,106.6688684,Phòng công chứng Quận 5,0,0,0,0,1,0
Văn phòng Thừa Phát Lại Quận 5,"805 Trần Hưng Đạo, Phường, Chợ Quán, Thành phố Hồ Chí Minh, Việt Nam",Người tống đạt trát tòa,10.7551628,106.6810189,Phòng công chứng Quận 5,0,0,0,0,1,0
Văn Phòng Công Chứng Phạm Trung Dũng-nay là Khúc Thanh,"184 Trần Hưng Đạo, Phường 7, Quận 5, Thành phố Hồ Chí Minh, Việt Nam",Văn phòng chính quyền địa phương,10.7526447,106.6667973,Phòng công chứng Quận 5,0,0,0,0,1,0
Phòng Công Chứng Số 5,"278 Đ.Nguyễn Văn Nghi, Phường 1, Gò Vấp, Thành phố Hồ Chí Minh, Việt Nam",Công chứng viên,10.8257627,106.6844444,Phòng công chứng Quận 5,0,0,0,0,1,0
Văn Phòng Công Chứng Nguyễn Văn Lâm,"426 Trần Hưng Đạo, Phường 11, Quận 5, Thành phố Hồ Chí Minh, Việt Nam",Công chứng viên,10.7521782,106.6594701,Phòng công chứng Quận 5,0,0,0,0,1,0
Văn phòng công chứng Nguyễn Thành Mỹ,"60A Đ. Hòa Bình, Phường Hòa Bình, Quận 11, Thành phố Hồ Chí Minh, Việt Nam",Công chứng viên,10.7679684,106.6402068,Phòng công chứng Quận 5,0,0,0,0,1,0
Công ty chứng minh tài chính xin visa Nguyễn Lê,"474A Trần Hưng Đạo, Phường 2, Quận 5, Thành phố Hồ Chí Minh, Việt Nam",Văn phòng công ty,10.7557853,106.6822541,Phòng công chứng Quận 5,1,0,0,0,0,0
UBND Phường Bình Tiên,"107 Đ. Cao Văn Lầu, Phường 1, Quận 6, Thành phố Hồ Chí Minh, Việt Nam",Văn phòng chính quyền địa phương,10.7466025,106.6491769,Ủy ban nhân dân Quận 6,0,0,0,0,1,0
Đảng ủy phường Bình Tiên,"147 Đ. Cao Văn Lầu, Phường 1, Quận 6, Thành phố Hồ Chí Minh, Việt Nam",Văn phòng chính quyền quận,10.7471026,106.6490162,Ủy ban nhân dân Quận 6,0,0,0,0,1,0
UBND Phường 9 Quận 6,"429 Đ. Lê Quang Sung, Phường 9, Quận 6, Thành phố Hồ Chí Minh, Việt Nam",Văn phòng chính quyền địa phương,10.7517859,106.6399771,Ủy ban nhân dân Quận 6,0,0,0,0,1,0
Đội Cảnh Sát Trật Tự Giao Thông Quận 6,"369 Đ. Hậu Giang, Phường 11, Quận 6, Thành phố Hồ Chí Minh, Việt Nam",Cán bộ giao thông,10.7488423,106.6391872,Đội Cảnh sát giao thông Quận 6,0,0,0,0,0,1
Trụ sở Đội CSGT Quận 6,"PJXQ+GFW, Phường 11, Quận 6, Thành phố Hồ Chí Minh, Việt Nam",Sở cảnh sát,10.7488534,106.6387012,Đội Cảnh sát giao thông Quận 6,0,1,0,0,0,0
Văn Phòng Công Chứng Nguyễn Nguyệt Huệ,"156 Đ. Phạm Văn Chí, Phường 1, Quận 6, Thành phố Hồ Chí Minh, Việt Nam",Công chứng viên,10.7448941,106.6476981,Phòng công chứng Quận 6,0,0,0,0,1,0
Văn phòng công chứng Lê Chí Thắng,"206B Đ. Hậu Giang, Phường 9, Quận 6, Thành phố Hồ Chí Minh, Việt Nam",Công chứng viên,10.7500109,106.6419849,Phòng công chứng Quận 6,0,0,0,0,1,0
Phòng Công Chứng Số 7,"388 Đ. Nguyễn Văn Luông, Phường 12, Quận 6, Thành phố Hồ Chí Minh, Việt Nam",Công chứng viên,10.751175,106.635407,Phòng công chứng Quận 6,0,0,0,0,1,0
Công an Quận 7,"1366 Huỳnh Tấn Phát, Phú Mỹ, Quận 7, Thành phố Hồ Chí Minh, Việt Nam",Cảnh sát dân sự,10.7109638,106.7368907,Công an Quận 7,0,1,0,0,0,0
Thiết bị y tế Quận 7,"101 Đ. Nguyễn Thị Thập, Tân Phú, Quận 7, Thành phố Hồ Chí Minh, Việt Nam",Trung tâm y tế,10.7377564,106.7235361,Trung tâm y tế Quận 7,0,0,0,1,0,0
Trạm Y Tế Phường Tân Kiểng Quận 7,"98 Đ.13, Tân Quy, Quận 7, Thành phố Hồ Chí Minh, Việt Nam",Trung tâm y tế,10.7460692,106.7072865,Trung tâm y tế Quận 7,0,0,0,1,0,0
Trạm Y Tế Phường Tân Hưng,"206 Đ. Lê Văn Lương, Tân Hưng, Quận 7, Thành phố Hồ Chí Minh, Việt Nam",Dịch vụ y tế địa phương,10.746046,106.7042889,Trung tâm y tế Quận 7,0,0,0,1,0,0
Trạm Y tế phường Tân Phong,"01 Đặng Đại Độ, Khu đô thị Phú Mỹ Hưng, Quận 7, Thành phố Hồ Chí Minh, Việt Nam",Trung tâm y tế,10.7293651,106.7102733,Trung tâm y tế Quận 7,0,0,0,1,0,0
Trạm Y Tế Phường Tân Phú Quận 7,"1 Đ. số 9, Tân Phú, Quận 7, Thành phố Hồ Chí Minh, Việt Nam",Trung tâm y tế,10.7357511,106.7195122,Trung tâm y tế Quận 7,0,0,0,1,0,0
Phòng Cảnh sát Giao thông,"2 Hoàng Văn Thái, Tân Phú, Quận 7, Thành phố Hồ Chí Minh, Việt Nam",Cảnh sát dân sự,10.7329114,106.7262307,Đội Cảnh sát giao thông Quận 7,0,1,0,0,0,1
Đội Thanh Tra Giao Thông Số 6,"1 Hoàng Quốc Việt, Phú Mỹ, Quận 7, Thành phố Hồ Chí Minh, Việt Nam",Văn phòng chính phủ,10.7140972,106.7367166,Đội Cảnh sát giao thông Quận 7,0,0,0,0,1,0
Đội PCCC & CNCH Quận 7,"1181 Đường Nguyễn Văn Linh, Tân Phong, Quận 7, Thành phố Hồ Chí Minh, Việt Nam",Trạm cứu hỏa,10.7279508,106.7029469,Đội Cảnh sát PCCC và CNCH Quận 7,0,0,0,0,0,1
Văn phòng công chứng Nguyễn Văn Tuấn,"24-26 Đường Số 5, Khu đô thị Him Lam, Quận 7, Thành phố Hồ Chí Minh, Việt Nam",Dịch vụ pháp lý,10.7403029,106.6971726,Phòng công chứng Quận 7,0,0,0,0,1,0
Văn phòng Công chứng Tân Thuận,"448 Đường Nguyễn Văn Linh, Phường Tân Mỹ, Quận 7, Thành phố Hồ Chí Minh, Việt Nam",Công chứng viên,10.7373361,106.7212873,Phòng công chứng Quận 7,0,0,0,0,1,0
Văn Phòng Công Chứng Nguyễn Đức Hưng,"10 Cao Triều Phát, Tân Phong, Quận 7, Thành phố Hồ Chí Minh, Việt Nam",Công chứng viên,10.7321022,106.7100152,Phòng công chứng Quận 7,0,0,0,0,1,0
VĂN PHÒNG CÔNG CHỨNG BÙI THỊ XUÂN,"612A Huỳnh Tấn Phát, Tân Phú, Quận 7, Thành phố Hồ Chí Minh, Việt Nam",Công chứng viên,10.7349795,106.730685,Phòng công chứng Quận 7,0,0,0,0,1,0
Văn Phòng Công Chứng Vũ Ái Lê,"138 Hà Huy Tập, Tân Phong, Quận 7, Thành phố Hồ Chí Minh, Việt Nam",Công chứng viên,10.7265875,106.7091926,Phòng công chứng Quận 7,0,0,0,0,1,0
Văn phòng Công chứng Phú Mỹ Hưng,"NL 29 (D3), KBT Ngân Long, Đường Đ. Nguyễn Hữu Thọ, Phước Kiển, Nhà Bè, Thành phố Hồ Chí Minh, Việt Nam",Công chứng viên,10.718329,106.7027747,Phòng công chứng Quận 7,0,0,0,0,1,0
"Văn Phòng Công Chứng Nhà Bè (Nguyễn Tấn Thành, Toàn Cầu)","10 Đ. Huỳnh Thị Đồng, TT. Nhà Bè, Nhà Bè, Thành phố Hồ Chí Minh 700000, Việt Nam",Công chứng viên,10.6969101,106.741061,Phòng công chứng Quận 7,0,0,0,0,1,0
Dịch thuật và Công Chứng Sao Kim Cương,"79 Hoàng Quốc Việt, Phú Mỹ, Quận 7, Thành phố Hồ Chí Minh, Việt Nam",Dịch vụ phiên âm,10.7138656,106.7405997,Phòng công chứng Quận 7,0,0,0,0,1,0
Văn Phòng Công Chứng Dương Thị Cẩm Thủy,"02 Đ. Số 41, Tân Phú, Quận 7, Thành phố Hồ Chí Minh, Việt Nam",Công chứng viên,10.7580194,106.7000109,Phòng công chứng Quận 7,0,0,0,0,1,0
Văn Phòng Công Chứng Phước Thịnh,"58 Đ. Nguyễn Tất Thành, khu phố 3, Quận 7, Thành phố Hồ Chí Minh, Việt Nam",Công chứng viên,10.7594128,106.7104854,Phòng công chứng Quận 7,0,0,0,0,1,0
Quận ủy Quận 8,"997 Phạm Thế Hiển, Phường 5, Quận 8, Thành phố Hồ Chí Minh, Việt Nam",Văn phòng chính phủ,10.7415652,106.6650534,Ủy ban nhân dân Quận 8,0,0,0,0,1,0
UBND Phường 16 Quận 8,"450 Phú Định, Phường 16, Quận 8, Thành phố Hồ Chí Minh, Việt Nam",Văn phòng chính quyền địa phương,10.7121927,106.6234973,Ủy ban nhân dân Quận 8,0,0,0,0,1,0
Quận 8,"Thành phố Hồ Chí Minh, Việt Nam",,10.7299485,106.6379724,Ủy ban nhân dân Quận 8,0,0,0,0,0,0
Ủy Ban Nhân Dân Phường 6 Quận 8 Điểm Sinh Hoạt,"34 Bùi Minh Trực, Phường 6, Quận 8, Thành phố Hồ Chí Minh, Việt Nam",Trung tâm cộng đồng,10.7370513,106.6543923,Ủy ban nhân dân Quận 8,0,0,0,0,1,0
UBND phường 8 quận 8,"218 Đ. Hưng Phú, Phường Hưng Phú, Quận 8, Hồ Chí Minh, Việt Nam",Văn phòng chính quyền địa phương,10.750026,106.678113,Ủy ban nhân dân Quận 8,0,0,0,0,1,0
Trung tâm Y tế Quận 8,"28 Đ. Số 1, Phường 6, Quận 8, Thành phố Hồ Chí Minh, Việt Nam",Trung tâm y tế,10.7350799,106.6524058,Trung tâm y tế Quận 8,0,0,0,1,0,0
Trung Tâm Y Tế Quận 8,"170 Đ.Tùng Thiện Vương, Phường Xóm Củi, Quận 8, Thành phố Hồ Chí Minh, Việt Nam",Dịch vụ y tế địa phương,10.7478597,106.663359,Trung tâm y tế Quận 8,0,0,0,1,0,0
Trung tâm Y tế Quận 8,"7-8 Dương Bạch Mai, Phường 5, Quận 8, Thành phố Hồ Chí Minh, Việt Nam",Trung tâm y tế,10.7387488,106.6655299,Trung tâm y tế Quận 8,0,0,0,1,0,0
Trung Tâm Y Tế Dự Phòng Quận 8,"Chung cư Ngọc, 314 Âu Dương Lân, Phường Rạch Ông, Quận 8, Thành phố Hồ Chí Minh, Việt Nam",Bệnh viện,10.7431099,106.6846668,Trung tâm y tế Quận 8,0,0,0,1,0,0
Trạm Y Tế Phường 7 Quận 8,"2683 Phạm Thế Hiển, Phường 7, Quận 8, Thành phố Hồ Chí Minh 71812, Việt Nam",Nhân viên xét nghiệm y tế,10.7257868,106.6374988,Trung tâm y tế Quận 8,0,0,0,1,0,0
"Trạm Y tế phường 4, Quận 8","623 Phạm Thế Hiển, Phường 4, Quận 8, Thành phố Hồ Chí Minh, Việt Nam",Trung tâm y tế cộng đồng,10.7456832,106.6773014,Trung tâm y tế Quận 8,0,0,0,1,0,0
Trạm Y Tế Phường 6 Quận 8,"1663 Phạm Thế Hiển, Phường 6, Quận 8, Thành phố Hồ Chí Minh, Việt Nam",Trung tâm y tế,10.7382098,106.6521426,Trung tâm y tế Quận 8,0,0,0,1,0,0
Trung tâm Y tế Cộng Đồng,"59 Đ. Hưng Phú, Phường Hưng Phú, Quận 8, Thành phố Hồ Chí Minh, Việt Nam",Văn phòng chính phủ,10.749427,106.677603,Trung tâm y tế Quận 8,0,0,0,1,1,0
Phòng Y Tế Quận 8,"04 Dương Quang Đông, Phường 5, Quận 8, Thành phố Hồ Chí Minh, Việt Nam",Sở y tế công cộng,10.7404623,106.6660321,Trung tâm y tế Quận 8,0,0,0,1,1,0
Trung Tâm Kiểm Soát Bệnh Tật Thành Phố Hồ Chí Minh (HCDC),"366A Âu Dương Lân, Phường Rạch Ông, Quận 8, Thành phố Hồ Chí Minh, Việt Nam",Dịch vụ y tế địa phương,10.7406768,106.6857628,Trung tâm y tế Quận 8,0,0,0,1,1,0
Trạm Y Tế Phường 14 Quận 8,"64 Đ. Hoài Thanh, Phường 14, Quận 8, Thành phố Hồ Chí Minh, Việt Nam",Trung tâm y tế,10.7385326,106.6494847,Trung tâm y tế Quận 8,0,0,0,1,0,0
Trạm Y Tế Phường Rạch Ông - Quận 8,"4F Nguyễn Thị Tần, Phường Rạch Ông, Quận 8, Thành phố Hồ Chí Minh, Việt Nam",Trung tâm y tế,10.7469656,106.6861711,Trung tâm y tế Quận 8,0,0,0,1,0,0
UBND Phường Diên Hồng,"474 Đ. 3 Tháng 2, Phường 14, Quận 10, Thành phố Hồ Chí Minh, Việt Nam",Văn phòng chính quyền quận,10.7679196,106.6665992,Ủy ban nhân dân Quận 10,0,0,0,0,1,0
UBND Phường 15 Quận 10,"A8 Đ. Châu Thới, Phường 15, Quận 10, Thành phố Hồ Chí Minh, Việt Nam",Văn phòng chính quyền địa phương,10.7827309,106.6614147,Ủy ban nhân dân Quận 10,0,0,0,0,1,0
UBND Phường 10 Quận 10,"537 Lê Hồng Phong, Phường 10, Quận 10, Thành phố Hồ Chí Minh, Việt Nam",Văn phòng chính quyền địa phương,10.7681881,106.6740519,Ủy ban nhân dân Quận 10,0,0,0,0,1,0
UBND Phường 1 Quận 10,"31 Lý Thái Tổ, Phường 1, Quận 10, Thành phố Hồ Chí Minh, Việt Nam",Văn phòng chính quyền địa phương,10.7667504,106.6769701,Ủy ban nhân dân Quận 10,0,0,0,0,1,0
Trung Tâm Y Tế Quận 10,"QMJG+958, 403 Cách Mạng Tháng Tám, Phường 13, Quận 10, Thành phố Hồ Chí Minh, Việt Nam",Trung tâm y tế công cộng,10.7806946,106.6755208,Trung tâm y tế Quận 10,0,0,0,1,0,0
Trung tâm Y tế quận 10,"C5, Đường Sư Vạn Hạnh, Phường 12, Quận 10, Thành phố Hồ Chí Minh, Việt Nam",Bệnh viện đa khoa,10.7761141,106.6666731,Trung tâm y tế Quận 10,0,0,0,1,0,0
Trung Tâm Y Tế Quận 10,"271 Vĩnh Viễn, Phường 8, Quận 10, Thành phố Hồ Chí Minh, Việt Nam",Trung tâm y tế,10.7636494,106.6675311,Trung tâm y tế Quận 10,0,0,0,1,0,0
Văn phòng công chứng Lê Kim Thanh,"335 Đ. Tô Hiến Thành, Phường 12, Quận 10, Thành phố Hồ Chí Minh, Việt Nam",Công chứng viên,10.7772712,106.6649988,Phòng công chứng Quận 10,0,0,0,0,1,0
Công Chứng ĐỒNG THỊ HẠNH,"380 Ngô Gia Tự, Phường 4, Quận 10, Thành phố Hồ Chí Minh 72510, Việt Nam",Công chứng viên,10.7619571,106.6702188,Phòng công chứng Quận 10,0,0,0,0,1,0
VPCC Mai Việt Cường,"236 Cao Thắng, Phường 12, Quận 10, Thành phố Hồ Chí Minh 67000, Việt Nam",Văn phòng công ty,10.7748234,106.6760868,Phòng công chứng Quận 10,0,0,0,0,1,0
Dịch thuật công chứng Asean Quận 10,"441 Lý Thái Tổ, Phường 9, Quận 10, Thành phố Hồ Chí Minh 72507, Việt Nam",Công chứng viên,10.7678039,106.6686987,Phòng công chứng Quận 10,0,0,0,0,1,0
UBND Phường Bình Thới,"270 Đ. Bình Thới, Phường 10, Quận 11, Thành phố Hồ Chí Minh, Việt Nam",Văn phòng chính quyền quận,10.763878,106.6435955,Ủy ban nhân dân Quận 11,0,0,0,0,1,0
UBND Phường 14 Quận 11,"72 Đ. Bình Thới, Phường 14, Quận 11, Thành phố Hồ Chí Minh 700000, Việt Nam",Văn phòng chính quyền địa phương,10.768287,106.6504347,Ủy ban nhân dân Quận 11,0,0,0,0,1,0
Trung Tâm Y Tế Dự Phòng Q11,"72 Đường Số 5 - Cư xá Bình Thới, Phường 8, Quận 11, Thành phố Hồ Chí Minh, Việt Nam",Bệnh viện,10.76056,106.6477893,Trung tâm y tế Quận 11,0,0,0,1,0,0
TRUNG TÂM Y TẾ DỰ PHÒNG,"228 Lãnh Binh Thăng, Phường 11, Quận 11, Thành phố Hồ Chí Minh, Việt Nam",Bệnh viện,10.7627191,106.6526003,Trung tâm y tế Quận 11,0,0,0,1,0,0
Trạm Y Tế Phường 11 Quận 11,"351/7B Cư Xá Lê Đại Hành, Phường 11, Quận 11, Thành phố Hồ Chí Minh, Việt Nam",Trung tâm y tế,10.7661116,106.651281,Trung tâm y tế Quận 11,0,0,0,1,0,0
Trạm Y Tế Phường 14 Quận 11,"Đường Số/125 100 Bình Thới, Phường 14, Quận 11, Thành phố Hồ Chí Minh, Việt Nam",Trung tâm y tế,10.7691571,106.6468278,Trung tâm y tế Quận 11,0,0,0,1,0,0
Trung Tâm Y Tế Dự Phòng Phường 16 Quận 11,"Đường Đ. 3 Tháng 2, Phường 16, Quận 11, Thành phố Hồ Chí Minh, Việt Nam",Trung tâm y tế,10.756747,106.647351,Trung tâm y tế Quận 11,0,0,0,1,0,0
Trạm Y Tế Phường 1 Quận 11,"1300 Đ. 3 Tháng 2, Phường 1, Quận 11, Thành phố Hồ Chí Minh, Việt Nam",Trung tâm y tế,10.7573943,106.6477497,Trung tâm y tế Quận 11,0,0,0,1,0,0
Trạm Y Tế Phường 3 Quận 11,"111 Lạc Long Quân, Phường 3, Quận 11, Thành phố Hồ Chí Minh, Việt Nam",Trung tâm y tế,10.7607855,106.6419655,Trung tâm y tế Quận 11,0,0,0,1,0,0
Trạm Y Tế Phường 5 Quận 11,"45c Lạc Long Quân, Phường 5, Quận 11, Thành phố Hồ Chí Minh, Việt Nam",Trung tâm y tế,10.7690961,106.6444368,Trung tâm y tế Quận 11,0,0,0,1,0,0
Văn Phòng Công Chứng Đặng Văn Khanh,"351/99 Đ. Lê Đại Hành, Phường 11, Quận 11, Thành phố Hồ Chí Minh, Việt Nam",Công chứng viên,10.7661174,106.6537168,Phòng công chứng Quận 11,0,0,0,0,1,0
Văn Phòng Công Chứng Ngô Đức Nhàn,"303 Đ. Lý Thường Kiệt, Phường 15, Quận 11, Thành phố Hồ Chí Minh 70000, Việt Nam",Công chứng viên,10.7771654,106.6560997,Phòng công chứng Quận 11,0,0,0,0,1,0
VĂN PHÒNG CÔNG CHỨNG NGUYỄN THỊ KIM LOAN,"219 Đ. Lê Đại Hành, Phường 11, Quận 11, Thành phố Hồ Chí Minh 700000, Việt Nam",Văn phòng công chứng tư pháp,10.763558,106.65581,Phòng công chứng Quận 11,0,0,0,0,1,0
Vp công chứng Đầm Sen,"82 Hẻm 86 Ông Ích Khiêm, Phường 14, Quận 11, Thành phố Hồ Chí Minh, Việt Nam",Văn phòng công ty,10.7680812,106.6460906,Phòng công chứng Quận 11,0,0,0,0,1,0
Văn phòng công chứng Tây Sài Gòn,"27 Đ. Lý Thường Kiệt, Phường 7, Quận 11, Thành phố Hồ Chí Minh, Việt Nam",Văn phòng công chứng tư pháp,10.7588631,106.661248,Phòng công chứng Quận 11,0,0,0,0,1,0
Công an Quận 12,"Đường Đ.Trương Thị Hoa, Hiệp Thành, Quận 12, Thành phố Hồ Chí Minh, Việt Nam",Đồn cảnh sát,10.8674369,106.640343,Công an Quận 12,0,1,0,0,0,0
Công An Quận 12 Tp Hcm,"2368 QL1A, Trung Mỹ Tây, Quận 12, Thành phố Hồ Chí Minh, Việt Nam",Đồn cảnh sát,10.8481396,106.6211942,Công an Quận 12,0,1,0,0,0,0
UBND Phường Tân Hưng Thuận,"DN6/3 phường, Khu Phố 4, Quận 12, Thành phố Hồ Chí Minh, Việt Nam",Văn phòng chính quyền địa phương,10.8412614,106.623951,Ủy ban nhân dân Quận 12,0,0,0,0,1,0
UBND Phường Tân Thới Nhất,"số 68 Đường TTN, 14 Khu phố 5, Tân Thới Nhất, Quận 12, Thành phố Hồ Chí Minh, Việt Nam",Văn phòng chính quyền địa phương,10.8258005,106.6160637,Ủy ban nhân dân Quận 12,0,0,0,0,1,0
UBND Phường Trung Mỹ Tây,"15/91, 15/91 Đồng Tiến, Trung Mỹ Tây, Quận 12, Thành phố Hồ Chí Minh, Việt Nam",Văn phòng chính quyền địa phương,10.8473475,106.6164001,Ủy ban nhân dân Quận 12,0,0,0,0,1,0
UBND Phường Tân Thới Hiệp,"226 Đ.Trương Thị Hoa, Hiệp Thành, Quận 12, Thành phố Hồ Chí Minh, Việt Nam",Văn phòng chính quyền địa phương,10.8669945,106.6420052,Ủy ban nhân dân Quận 12,0,0,0,0,1,0
Ủy Ban Nhân Dân Quận 12 - 01 Lê Thị Riêng - Phường An Phú Đông,"Thới An, Quận 12, Thành phố Hồ Chí Minh, Việt Nam",Trạm xe buýt,10.863347,106.65464,Ủy ban nhân dân Quận 12,0,0,0,0,1,0
UBND Quận 12 - 1251 Quốc Lộ 1A,"Thới An, Quận 12, Thành phố Hồ Chí Minh, Việt Nam",Trạm xe buýt,10.8617711,106.6540517,Ủy ban nhân dân Quận 12,0,0,0,0,1,0
Đảng Ủy - Ủy Ban Nhân Dân Phường 12,"261C Đ. Quang Trung, Phường 12, Gò Vấp, Thành phố Hồ Chí Minh, Việt Nam",,10.8438303,106.6406111,Ủy ban nhân dân Quận 12,0,0,0,0,1,0
Ban quản lý đầu tư xây dựng công trình Quận 12,"Số 1 Đ. Lê Thị Riêng, Thới An, Quận 12, Thành phố Hồ Chí Minh, Việt Nam",Cơ quan quản lý nhà ở,10.8634801,106.6534228,Ủy ban nhân dân Quận 12,0,0,0,0,1,0
Quận ủy Quận 12,"Thới An, Quận 12, Thành phố Hồ Chí Minh, Việt Nam",Trạm xe buýt,10.862161,106.6532852,Ủy ban nhân dân Quận 12,0,0,0,0,1,0
Văn Phòng Đăng Ký Đất Đai Quận 12,"45 Nguyễn Thị Kiêu, Thới An, Quận 12, Thành phố Hồ Chí Minh, Việt Nam",Văn phòng chính phủ,10.8756941,106.6505223,Ủy ban nhân dân Quận 12,0,0,0,0,1,0
Đội CSGT Công an quận 12,"79/1a QL1A, Thới An, Quận 12, Thành phố Hồ Chí Minh, Việt Nam",Cảnh sát dân sự,10.8618106,106.6509517,Đội Cảnh sát giao thông Quận 12,0,1,0,0,0,1
Đội Cảnh Sát Giao Thông An Sương,"1509A Đ. Nguyễn Ảnh Thủ, Trung Mỹ Tây, Quận 12, Thành phố Hồ Chí Minh, Việt Nam",Trạm cảnh sát giao thông,10.8566305,106.6086112,Đội Cảnh sát giao thông Quận 12,0,1,0,0,0,1
Công an Quận Bình Tân,"1114 QL1A, Bình Trị Đông B, Bình Tân, Thành phố Hồ Chí Minh, Việt Nam",Sở cảnh sát,10.7308012,106.6015381,Công an Quận Bình Tân,0,1,0,0,0,0
Công An Quận Bình Tân,"3q Đ. Số 4A, An Lạc A, Bình Chánh, Thành phố Hồ Chí Minh, Việt Nam",Văn phòng an toàn công cộng,10.7493849,106.6198651,Công an Quận Bình Tân,0,1,0,0,0,0
UBND Phường An Lạc,"521 Đ. Kinh Dương Vương, An Lạc, Bình Tân, Thành phố Hồ Chí Minh 70000, Việt Nam",Văn phòng chính quyền quận,10.7368886,106.6148779,Ủy ban nhân dân Quận Bình Tân,0,0,0,0,1,0
UBND Quận Tân Bình,"387A Đ. Trường Chinh, Phường 14, Tân Bình, Thành phố Hồ Chí Minh, Việt Nam",Văn phòng chính quyền quận,10.7978752,106.6423536,Ủy ban nhân dân Quận Bình Tân,0,0,0,0,1,0
UBND Phường Bình Trị Đông A,"162 Mã Lò, Bình Trị Đông A, Bình Tân, Thành phố Hồ Chí Minh, Việt Nam",Văn phòng chính quyền địa phương,10.7645522,106.6043003,Ủy ban nhân dân Quận Bình Tân,0,0,0,0,1,0
Đội CSGT An Lạc,"B4/11 ấp 2, QL1A, Tân Kiên, Bình Chánh, Thành phố Hồ Chí Minh, Việt Nam",Trạm cảnh sát giao thông,10.7202767,106.5998277,Đội Cảnh sát giao thông Quận Bình Tân,0,0,0,0,0,1
Đội Cảnh Sát PCCC&CNCH-Công An Quận Bình Tân,"1121 QL1A, Tân Tạo, Bình Tân, Thành phố Hồ Chí Minh, Việt Nam",Trạm cứu hỏa,10.7608354,106.591318,Đội Cảnh sát PCCC và CNCH Quận Bình Tân,0,0,0,0,0,1
Đội cảnh sát PCCC vs CHCN Công An Quận Bình Tân,"624 Đ. Kinh Dương Vương, An Lạc, Bình Tân, Thành phố Hồ Chí Minh, Việt Nam",Đồn cảnh sát,10.7294186,106.6079485,Đội Cảnh sát PCCC và CNCH Quận Bình Tân,0,1,0,0,0,1
Đội PCCC & CNCH Quận Tân Bình,"856 Đ. Âu Cơ, Phường 14, Tân Bình, Thành phố Hồ Chí Minh, Việt Nam",Trạm cứu hỏa,10.7935805,106.6391181,Đội Cảnh sát PCCC và CNCH Quận Bình Tân,0,0,0,0,0,1
Đội PCCC vs CHCN KV IV Q.Bình Tân,"94 Liên Khu 4-5, Bình Hưng Hoà B, Bình Tân, Hồ Chí Minh, Việt Nam",Trạm cứu hỏa,10.7990195,106.5903736,Đội Cảnh sát PCCC và CNCH Quận Bình Tân,0,0,0,0,0,1
Văn Phòng Công Chứng Bình Tân,"759 TL10, Bình Trị Đông B, Bình Tân, Thành phố Hồ Chí Minh, Việt Nam",Công chứng viên,10.757656,106.609784,Phòng công chứng Quận Bình Tân,0,0,0,0,1,0
Văn phòng công chứng Trần Thanh Hải quận Bình Tân,"2A Đường số 7, An Lạc A, Bình Tân, Thành phố Hồ Chí Minh 700000, Việt Nam",Dịch vụ pháp lý,10.7519037,106.6231703,Phòng công chứng Quận Bình Tân,0,0,0,0,1,0
VĂN PHÒNG CÔNG CHỨNG NGUYỄN VIẾT PHÚ,"181 Đ. Lê Văn Quới, Bình Trị Đông, Bình Tân, Thành phố Hồ Chí Minh, Việt Nam",Văn phòng công chứng tư pháp,10.7750612,106.6166507,Phòng công chứng Quận Bình Tân,0,0,0,0,1,0
Văn phòng công chứng Gò Mây (Tên cũ: Vpcc Phan Thị Kim Cúc),"792 Lê Trọng Tấn, Bình Hưng Hoà, Bình Tân, Thành phố Hồ Chí Minh 71913, Việt Nam",Văn phòng công ty,10.8161089,106.6028557,Phòng công chứng Quận Bình Tân,0,0,0,0,1,0
Văn Phòng Công Chứng Việt An (VPCC Nguyễn Quốc Cường cũ),"519/5-7 Đ. Kinh Dương Vương, An Lạc, Bình Tân, Thành phố Hồ Chí Minh, Việt Nam",Công chứng viên,10.7373745,106.6151076,Phòng công chứng Quận Bình Tân,0,0,0,0,1,0
Văn Phòng Công Chứng Dương Thanh Tú,"590+590A, Đ. Tân Kỳ Tân Quý, Bình Hưng Hoà, Bình Tân, Việt Nam",Công chứng viên,10.7937511,106.6085994,Phòng công chứng Quận Bình Tân,0,0,0,0,1,0
Đội Quản lý hành chính Công An Quận Bình Thạnh,"42 Xô Viết Nghệ Tĩnh, Phường Thạnh Mỹ, Tây 19, Thành phố Hồ Chí Minh, Việt Nam",Cảnh sát dân sự,10.794377,106.709138,Công an Quận Bình Thạnh,0,1,0,0,0,0
Đội Cảnh Sát Kinh Tế - Công An Quận Bình Thạnh,"473B Bạch Đằng, Phường 2, Bình Thạnh, Thành phố Hồ Chí Minh, Việt Nam",Sở cảnh sát,10.802838,106.69958,Công an Quận Bình Thạnh,0,1,0,0,0,0
Công an Phường 19 (Quận Bình Thạnh),"1 Huỳnh Tịnh Của, Phường 19, Bình Thạnh, Thành phố Hồ Chí Minh, Việt Nam",Sở cảnh sát,10.7919931,106.708995,Công an Quận Bình Thạnh,0,1,0,0,0,0
Công an Phường 25 Quận Bình Thạnh,"2A Điện Biên Phủ, Phường 25, Bình Thạnh, Thành phố Hồ Chí Minh, Việt Nam",Sở cảnh sát,10.7988134,106.720819,Công an Quận Bình Thạnh,0,1,0,0,0,0
Công an Phường 22 Quận Bình Thạnh,"400 Xô Viết Nghệ Tĩnh, Phường 26, Bình Thạnh, Thành phố Hồ Chí Minh, Việt Nam",Sở cảnh sát,10.8123331,106.7150646,Công an Quận Bình Thạnh,0,1,0,0,0,0
Công An Phường 12 Quận Bình Thạnh,"182 Đ. Phan Văn Trị, Phường 11, Bình Thạnh, Thành phố Hồ Chí Minh, Việt Nam",Văn phòng an toàn công cộng,10.8130203,106.6953858,Công an Quận Bình Thạnh,0,1,0,0,0,0
"Công An Phường 1, Quận Bình Thạnh","331 Đ. Bùi Hữu Nghĩa, Phường 1, Bình Thạnh, Thành phố Hồ Chí Minh, Việt Nam",Cảnh sát dân sự,10.8003663,106.6992828,Công an Quận Bình Thạnh,0,1,0,0,0,0
Công An Phường 1 Quận Bình Thạnh,"98 Đ. Lê Văn Duyệt, Phường 1, Bình Thạnh, Thành phố Hồ Chí Minh, Việt Nam",Cảnh sát dân sự,10.7963977,106.6963446,Công an Quận Bình Thạnh,0,1,0,0,0,0
"Công an Phường 21, quận Bình Thạnh, Tp.Hồ Chí Minh","288 Xô Viết Nghệ Tĩnh, Phường 19, Bình Thạnh, Thành phố Hồ Chí Minh, Việt Nam",Văn phòng chính phủ,10.8000716,106.7113309,Công an Quận Bình Thạnh,0,1,0,0,0,0
Công An Phường 5 Quận Bình Thạnh,"97 Nguyễn Văn Đậu, Phường 5, Bình Thạnh, Thành phố Hồ Chí Minh, Việt Nam",Cảnh sát dân sự,10.8090427,106.6886142,Công an Quận Bình Thạnh,0,1,0,0,0,0
Công an Phường 17 Quận Bình Thạnh,"99-101 Xô Viết Nghệ Tĩnh, Phường 17, Bình Thạnh, Thành phố Hồ Chí Minh, Việt Nam",Sở cảnh sát,10.7939925,106.7083594,Công an Quận Bình Thạnh,0,1,0,0,0,0
Công An Giao Thông Phường 26 Quận Bình Thạnh,"28 Nguyễn Thiện Thuật, Phường 14, Bình Thạnh, Thành phố Hồ Chí Minh, Việt Nam",Văn phòng chính phủ,10.80585,106.699151,Công an Quận Bình Thạnh,0,0,0,0,0,1
"Công An Phường 6, Quận Bình Thạnh","67/1 Hoàng Hoa Thám, Phường 7, Bình Thạnh, Thành phố Hồ Chí Minh, Việt Nam",Cảnh sát tiểu bang,10.8062072,106.6901668,Công an Quận Bình Thạnh,0,1,0,0,0,0
Công An Phường 2,"248 Đ. Bùi Hữu Nghĩa, Phường 2, Bình Thạnh, Thành phố Hồ Chí Minh, Việt Nam",Văn phòng chính phủ,10.7992577,106.7001525,Công an Quận Bình Thạnh,0,1,0,0,0,0
Công An Phường 28 Quận Bình Thạnh,"1121 Bình Quới, Phường 28, Bình Thạnh, Thành phố Hồ Chí Minh, Việt Nam",Đồn cảnh sát,10.8258028,106.7351379,Công an Quận Bình Thạnh,0,1,0,0,0,0
HĐND - UBND Phường Bình Thạnh,"6 - 6A, Phan Đăng Lưu, Phường 14, Bình Thạnh, Thành phố Hồ Chí Minh, Việt Nam",Văn phòng chính quyền địa phương,10.802849,106.6962965,Ủy ban nhân dân Quận Bình Thạnh,0,0,0,0,1,0
UBND Phường 5 Quận Bình Thạnh,"137 Nguyễn Văn Đậu, Phường 5, Bình Thạnh, Thành phố Hồ Chí Minh, Việt Nam",Văn phòng chính quyền địa phương,10.8100202,106.6896317,Ủy ban nhân dân Quận Bình Thạnh,0,0,0,0,1,0
Trung tâm Y tế quận Bình Thạnh,"99/6 Nơ Trang Long, Phường 11, Bình Thạnh, Thành phố Hồ Chí Minh, Việt Nam",Trung tâm y tế,10.8109179,106.6946943,Trung tâm y tế Quận Bình Thạnh,0,0,0,1,0,0
Trung Tâm Y Tế Quận Bình Thạnh,"8 Đ. Đinh Bộ Lĩnh, Phường 14, Bình Thạnh, Thành phố Hồ Chí Minh, Việt Nam",Trung tâm y tế công cộng,10.8047498,106.7100685,Trung tâm y tế Quận Bình Thạnh,0,0,0,1,0,0
Trung tâm y tế Quận Bình Thạnh,"112 Lê Văn Duyệt, Đa Kao, Quận 1, Thành phố Hồ Chí Minh, Việt Nam",Trung tâm y tế,10.7904463,106.6971963,Trung tâm y tế Quận Bình Thạnh,0,0,0,1,0,0
Trạm Y Tế Phường 13. Quận Bình Thạnh. Thành Phố Hồ Chí Minh,"21 Bình Lợi, Phường 13, Bình Thạnh, Thành phố Hồ Chí Minh, Việt Nam",Bệnh viện,10.8263855,106.7062451,Trung tâm y tế Quận Bình Thạnh,0,0,0,1,0,0
"Trạm Y Tế Phường 19 - Cơ sở 1, Quận Bình Thạnh","220/24 Xô Viết Nghệ Tĩnh, Phường 19, Bình Thạnh, Thành phố Hồ Chí Minh, Việt Nam",Trung tâm y tế,10.798344,106.711681,Trung tâm y tế Quận Bình Thạnh,0,0,0,1,0,0
Trạm Y Tế Phường 22 Quận Bình Thạnh,"B7 Phú Mỹ, Phường 22, Bình Thạnh, Thành phố Hồ Chí Minh, Việt Nam",Trung tâm y tế công cộng,10.7904978,106.7142251,Trung tâm y tế Quận Bình Thạnh,0,0,0,1,0,0
Trạm Y Tế Phường 11 Quận Bình Thạnh,"235 Đ. Phan Văn Trị, Phường 11, Bình Thạnh, Thành phố Hồ Chí Minh, Việt Nam",Trung tâm y tế,10.813632,106.6951591,Trung tâm y tế Quận Bình Thạnh,0,0,0,1,0,0
Đội PCCC & CNCH Quận Bình Thạnh,"18A Phan Đăng Lưu, Phường 7, Bình Thạnh, Thành phố Hồ Chí Minh, Việt Nam",Trạm cứu hỏa,10.8035492,106.690975,Đội Cảnh sát PCCC và CNCH Quận Bình Thạnh,0,0,0,0,0,1
Đội Cảnh sátPCCC&CNCH - Công an quận Bình Thạnh,"294 Nguyễn Văn Đậu, Phường 11, Bình Thạnh, Thành phố Hồ Chí Minh, Việt Nam",Văn phòng chính phủ,10.814068,106.6939111,Đội Cảnh sát PCCC và CNCH Quận Bình Thạnh,0,1,0,0,0,1
Văn phòng công chứng Bình Thạnh,"164 Xô Viết Nghệ Tĩnh, Phường 19, Bình Thạnh, Thành phố Hồ Chí Minh, Việt Nam",Công chứng viên,10.7974248,106.7109287,Phòng công chứng Quận Bình Thạnh,0,0,0,0,1,0
Văn Phòng Công Chứng Huỳnh Thị Ngọc Yến,"50A Nơ Trang Long, Phường 14, Bình Thạnh, Thành phố Hồ Chí Minh, Việt Nam",Công chứng viên,10.8064773,106.6952215,Phòng công chứng Quận Bình Thạnh,0,0,0,0,1,0
Phòng Công Chứng Số 6,"47A Nguyễn Văn Đậu, P.6, Bình Thạnh, Thành phố Hồ Chí Minh, Việt Nam",Công chứng viên,10.8071666,106.6871733,Phòng công chứng Quận Bình Thạnh,0,0,0,0,1,0
"Văn phòng công chứng thành phố Hồ Chí Minh (tên cũ: Nguyễn Thành Long, Bùi Văn Đồng)","661 Xô Viết Nghệ Tĩnh, Phường 19, Bình Thạnh, Thành phố Hồ Chí Minh 009428, Việt Nam",Công chứng viên,10.8118802,106.7146151,Phòng công chứng Quận Bình Thạnh,0,0,0,0,1,0
Văn phòng công chứng Lê Hùng Anh,"123A Nguyễn Hữu Cảnh, Phường 22, Bình Thạnh, Thành phố Hồ Chí Minh 70000, Việt Nam",Dịch vụ pháp lý,10.7958579,106.7182608,Phòng công chứng Quận Bình Thạnh,0,0,0,0,1,0
UBND Phường Gò Vấp,"332 Đ. Quang Trung, Phường, Gò Vấp, Thành phố Hồ Chí Minh, Việt Nam",Văn phòng chính quyền địa phương,10.8314988,106.6688069,Ủy ban nhân dân Quận Gò Vấp,0,0,0,0,1,0
UBND Phường 6 Quận Gò Vấp,"364 Đ. Lê Đức Thọ, Phường 6, Gò Vấp, Thành phố Hồ Chí Minh 70000, Việt Nam",Văn phòng chính quyền địa phương,10.8411698,106.6784497,Ủy ban nhân dân Quận Gò Vấp,0,0,0,0,1,0
Đội Cảnh Sát Giao Thông Tân Sơn Nhất,"139 Đ. Trần Huy Liệu, Phường 8, Phú Nhuận, Thành phố Hồ Chí Minh, Việt Nam",Phòng cảnh sát trưởng,10.7958151,106.6776892,Đội Cảnh sát giao thông Quận Gò Vấp,0,1,0,0,0,1
Đội CSGT Hàng Xanh,"RPF7+6MH, Cầu Bình Triệu 1 QL13, Hiệp Bình Chánh, Thủ Đức, Thành phố Hồ Chí Minh, Việt Nam",Đồn cảnh sát,10.8230513,106.7142443,Đội Cảnh sát giao thông Quận Gò Vấp,0,1,0,0,0,1
Công An Quận Gò Vấp,"584 Đ. Quang Trung, Phường 11, Gò Vấp, Thành phố Hồ Chí Minh, Việt Nam",Đồn cảnh sát,10.8363328,106.6623094,Đội Cảnh sát giao thông Quận Gò Vấp,0,1,0,0,0,0
Đội PCCC & CNCH Quận Gò Vấp,"108 Đ. Phan Văn Trị, Phường 1, Gò Vấp, Thành phố Hồ Chí Minh, Việt Nam",Trạm cứu hỏa,10.8281362,106.6851117,Đội Cảnh sát PCCC và CNCH Quận Gò Vấp,0,0,0,0,0,1
Đội PCCC & CNCH Quận Gò Vấp,"RMJH+4CJ, 773 Đ. Phan Văn Trị, Phường 1, Gò Vấp, Thành phố Hồ Chí Minh, Việt Nam",Trạm cứu hỏa,10.8303159,106.6784996,Đội Cảnh sát PCCC và CNCH Quận Gò Vấp,0,0,0,0,0,1
Văn phòng công chứng Dương Thị Cẩm Thủy,"298 Đ. Quang Trung, Phường 10, Gò Vấp, Thành phố Hồ Chí Minh, Việt Nam",Dịch vụ pháp lý,10.8306822,106.6697569,Phòng công chứng Quận Gò Vấp,0,0,0,0,1,0
Văn Phòng Công Chứng Nguyễn Thị Ngọc Bích,"672A 48 Đ. Phan Văn Trị, Phường 10, Gò Vấp, Thành phố Hồ Chí Minh, Việt Nam",Công chứng viên,10.8340756,106.6691794,Phòng công chứng Quận Gò Vấp,0,0,0,0,1,0
Văn Phòng công chứng Nguyễn Thị Tạc,"41/4 Nguyễn Oanh, Phường 10, Gò Vấp, Thành phố Hồ Chí Minh, Việt Nam",Công chứng viên,10.8283575,106.6781005,Phòng công chứng Quận Gò Vấp,0,0,0,0,1,0
Văn Phòng Công Chứng Nguyễn Hồng Hà,"40A Nguyễn Thái Sơn, 265 Hồng Hà, Phường 3, Gò Vấp, Thành phố Hồ Chí Minh, Việt Nam",Công chứng viên,10.8148108,106.6774904,Phòng công chứng Quận Gò Vấp,0,0,0,0,1,0
Công An Quận Phú Nhuận - Đội CS.QLHC - TTXH,"160 Đ. Hoàng Văn Thụ, Phường 9, Phú Nhuận, Thành phố Hồ Chí Minh, Việt Nam",Văn phòng chính phủ,10.7997483,106.6759945,Công an Quận Phú Nhuận,0,1,0,0,0,0
Trụ Sở Công An Quận Phú Nhuận,"190 Đ. Hoàng Văn Thụ, Phường 9, Phú Nhuận, Thành phố Hồ Chí Minh, Việt Nam",Văn phòng chính phủ,10.7997547,106.6751689,Công an Quận Phú Nhuận,0,1,0,0,0,0
"Công an phường 15, quận Phú Nhuận Mới","24b Đ. Nguyễn Văn Trỗi, Phường 15, Phú Nhuận, Thành phố Hồ Chí Minh, Việt Nam",Văn phòng chính phủ,10.7928751,106.6804656,Công an Quận Phú Nhuận,0,1,0,0,0,0
Công An Phường 8 Quận Phú Nhuận,"196 Nguyễn Trọng Tuyển, Phường 8, Phú Nhuận, Thành phố Hồ Chí Minh, Việt Nam",Văn phòng chính phủ,10.797879,106.6743336,Công an Quận Phú Nhuận,0,1,0,0,0,0
Công An P.7 Q. Phú Nhuận,"14 Đ. Nguyễn Công Hoan, Phường 7, Phú Nhuận, Thành phố Hồ Chí Minh, Việt Nam",Đồn cảnh sát,10.8017631,106.69038,Công an Quận Phú Nhuận,0,1,0,0,0,0
Công An Phường Phú Nhuận,"238 Nguyễn Đình Chính, Phường 11, Phú Nhuận, Thành phố Hồ Chí Minh, Việt Nam",Cảnh sát dân sự,10.792712,106.672904,Công an Quận Phú Nhuận,0,1,0,0,0,0
Công An Phường Phú Nhuận,"242 Nguyễn Đình Chính, Phường, Phú Nhuận, Thành phố Hồ Chí Minh, Việt Nam",Văn phòng chính phủ,10.7922046,106.6729089,Công an Quận Phú Nhuận,0,1,0,0,0,0
"Công An Phường 2, Quận Phú Nhuận","285 Phan Xích Long, Phường 2, Phú Nhuận, Thành phố Hồ Chí Minh, Việt Nam",Sở cảnh sát,10.8001007,106.6845501,Công an Quận Phú Nhuận,0,1,0,0,0,0
Công An Phường 15 Quận Phú Nhuận Cũ,"37-39 Trần Khắc Chân, Phường 15, Phú Nhuận, Thành phố Hồ Chí Minh, Việt Nam",Cảnh sát dân sự,10.7982148,106.6791356,Công an Quận Phú Nhuận,0,1,0,0,0,0
Công An Phường 5 Quận Phú Nhuận,"88 Đ. Thích Quảng Đức, Phường 4, Phú Nhuận, Thành phố Hồ Chí Minh, Việt Nam",Sở cảnh sát,10.8057042,106.6826075,Công an Quận Phú Nhuận,0,1,0,0,0,0
Công An Phường 13 Quận Phú Nhuận,"125 Đ. Lê Văn Sỹ, Phường 13, Phú Nhuận, Thành phố Hồ Chí Minh, Việt Nam",Sở cảnh sát,10.791517,106.6717434,Công an Quận Phú Nhuận,0,1,0,0,0,0
Công An phường 1 quận Phú Nhuận,"234 Đ. Phan Đình Phùng, Phường 1, Phú Nhuận, Thành phố Hồ Chí Minh 72211, Việt Nam",Đồn cảnh sát,10.7960347,106.681932,Công an Quận Phú Nhuận,0,1,0,0,0,0
Công An Phường 12 Quận Phú Nhuận,"243 Đ. Huỳnh Văn Bánh, Phường 11, Phú Nhuận, Thành phố Hồ Chí Minh 700000, Việt Nam",Phòng cảnh sát trưởng,10.791579,106.676905,Công an Quận Phú Nhuận,0,1,0,0,0,0
Công An Phường 4 Quận Phú Nhuận,"706 Nguyễn Kiệm, Phường 4, Phú Nhuận, Thành phố Hồ Chí Minh 100000, Việt Nam",Phòng cảnh sát trưởng,10.8071879,106.6785275,Công an Quận Phú Nhuận,0,1,0,0,0,0
UBND Phường Phú Nhuận,"159 Đ. Nguyễn Văn Trỗi, Phường 11, Phú Nhuận, Thành phố Hồ Chí Minh, Việt Nam",Văn phòng chính quyền địa phương,10.7951947,106.6752532,Ủy ban nhân dân Quận Phú Nhuận,0,0,0,0,1,0
UBND Phường 5 Quận Phú Nhuận,"94 Phan Đăng Lưu, Phường 5, Phú Nhuận, Thành phố Hồ Chí Minh, Việt Nam",Văn phòng chính quyền địa phương,10.803868,106.684734,Ủy ban nhân dân Quận Phú Nhuận,0,0,0,0,1,0
Trung tâm Y tế Quận Phú Nhuận,"23 Nguyễn Văn Đậu, Phường 5, Phú Nhuận, Thành phố Hồ Chí Minh, Việt Nam",Trung tâm y tế công cộng,10.8051956,106.6867213,Trung tâm y tế Quận Phú Nhuận,0,0,0,1,0,0
Trạm Y Tế Phường 7 Quận Phú Nhuận,"103 Phan Đăng Lưu, Phường 7, Phú Nhuận, Thành phố Hồ Chí Minh, Việt Nam",Trung tâm y tế công cộng,10.803718,106.686544,Trung tâm y tế Quận Phú Nhuận,0,0,0,1,0,0
Phòng Y Tế Quận Phú Nhuận,"103/18 Đ. Trần Huy Liệu, Phường 13, Phú Nhuận, Thành phố Hồ Chí Minh, Việt Nam",Trung tâm y tế,10.7934948,106.6773946,Trung tâm y tế Quận Phú Nhuận,0,0,0,1,0,0
VĂN PHÒNG CÔNG CHỨNG VŨ THỊ VÂN ANH,"212 Đ. Phan Đình Phùng, Phường 1, Phú Nhuận, Thành phố Hồ Chí Minh, Việt Nam",Dịch vụ pháp lý,10.7956999,106.6824239,Phòng công chứng Quận Phú Nhuận,0,0,0,0,1,0
Văn Phòng Công Chứng Dương Đức Hiếu,"261F Đ. Nguyễn Văn Trỗi, Phường 10, Phú Nhuận, Thành phố Hồ Chí Minh 72218, Việt Nam",Công chứng viên,10.7975014,106.6719489,Phòng công chứng Quận Phú Nhuận,0,0,0,0,1,0
Văn Phòng Công Chứng Huỳnh Ngọc Minh,"176 Phan Xích Long, Phường 7, Phú Nhuận, Thành phố Hồ Chí Minh, Việt Nam",Công chứng viên,10.7975038,106.6910287,Phòng công chứng Quận Phú Nhuận,0,0,0,0,1,0
Văn phòng công chứng Lê Thị Phương Liên,"116 Đ. Hoàng Văn Thụ, Phường 9, Phú Nhuận, Thành phố Hồ Chí Minh, Việt Nam",Công chứng viên,10.799597,106.677241,Phòng công chứng Quận Phú Nhuận,0,0,0,0,1,0
Văn Phòng Công Chứng Lê Văn Sơn,"468/15B Nguyễn Kiệm, Phường 4, Phú Nhuận, Thành phố Hồ Chí Minh, Việt Nam",Dịch vụ pháp lý,10.802728,106.6798797,Phòng công chứng Quận Phú Nhuận,0,0,0,0,1,0
UBND Phường Tân Phú,"70A Thoại Ngọc Hầu, Hòa Thạnh, Tân Phú, Thành phố Hồ Chí Minh, Việt Nam",Văn phòng chính quyền quận,10.7835169,106.6369215,Ủy ban nhân dân Quận Tân Bình,0,0,0,0,1,0
UBND Phường Bảy Hiền,"1129/20 Lạc Long Quân, Phường 11, Tân Bình, Thành phố Hồ Chí Minh, Việt Nam",Văn phòng chính quyền địa phương,10.7897532,106.6518514,Ủy ban nhân dân Quận Tân Bình,0,0,0,0,1,0
Trung tâm Y tế quận Tân Bình,"12 Tân Hải, Phường 13, Tân Bình, Thành phố Hồ Chí Minh, Việt Nam",Trung tâm y tế công cộng,10.8006365,106.6399533,Trung tâm y tế Quận Tân Bình,0,0,0,1,0,0
Trung tâm y tế quận Tân Phú,"83/1 Đ. Vườn Lài, Phú Thọ Hoà, Tân Phú, Thành phố Hồ Chí Minh, Việt Nam",Trung tâm y tế,10.7871291,106.6334301,Trung tâm y tế Quận Tân Bình,0,0,0,1,0,0
Công An Quận Tân Bình - Cảnh Sát Giao Thông,"340 Đ. Hoàng Văn Thụ, Phường 4, Tân Bình, Thành phố Hồ Chí Minh, Việt Nam",Sở cảnh sát,10.7973293,106.6575078,Đội Cảnh sát giao thông Quận Tân Bình,0,1,0,0,0,1
Đội Cảnh Sát Giao Thông Công An Quận Tân Phú,"687 Đ. Âu Cơ, Phường 10, Tân Bình, Thành phố Hồ Chí Minh, Việt Nam",,10.7843649,106.6422228,Đội Cảnh sát giao thông Quận Tân Bình,0,1,0,0,0,1
Văn Phòng Công Chứng Việt Nam,"526 - 528 Cộng Hòa, Phường 13, Tân Bình, Thành phố Hồ Chí Minh 700000, Việt Nam",Công chứng viên,10.8026744,106.6400176,Phòng công chứng Quận Tân Bình,0,0,0,0,1,0
Văn phòng Công chứng Tân Bình,"72 Phan Huy Ích, Phường, Tân Sơn, Thành phố Hồ Chí Minh 700000, Việt Nam",Công chứng viên,10.827271,106.6316729,Phòng công chứng Quận Tân Bình,0,0,0,0,1,0
Văn phòng công chứng Nguyễn Văn Nam,"Đ. Lê Văn Sỹ/372 Đ. Tân Sơn Hoà, Phường 2, Tân Bình, Thành phố Hồ Chí Minh, Việt Nam",Công chứng viên,10.7979802,106.6635193,Phòng công chứng Quận Tân Bình,0,0,0,0,1,0
VĂN PHÒNG CÔNG CHỨNG NINH THỊ HIỀN,"367-367a Đ. Trường Chinh, Phường 14, Tân Bình, Thành phố Hồ Chí Minh, Việt Nam",Công chứng viên,10.7980748,106.6433539,Phòng công chứng Quận Tân Bình,0,0,0,0,1,0
VĂN PHÒNG CÔNG CHỨNG TÂN PHÚ,"677 Đ. Lũy Bán Bích, Hòa Thạnh, Tân Phú, Thành phố Hồ Chí Minh, Việt Nam",Công chứng viên,10.7811383,106.6358044,Phòng công chứng Quận Tân Bình,0,0,0,0,1,0
Văn Phòng Công Chứng Tô Khắc Việt,"81 Lê Trọng Tấn, Sơn Kỳ, Tân Phú, Thành phố Hồ Chí Minh 700000, Việt Nam",Công chứng viên,10.8055919,106.6298809,Phòng công chứng Quận Tân Bình,0,0,0,0,1,0
Văn phòng Công chứng Chu Thành Chương,"765 Cách Mạng Tháng Tám, Phường 6, Tân Bình, Thành phố Hồ Chí Minh, Việt Nam",Dịch vụ pháp lý,10.787807,106.662429,Phòng công chứng Quận Tân Bình,0,0,0,0,1,0
Văn phòng Công chứng Đồng Tâm,"967 Đ. Lũy Bán Bích, Tân Thành, Tân Phú, Thành phố Hồ Chí Minh, Việt Nam",Công chứng viên,10.7922148,106.6375637,Phòng công chứng Quận Tân Bình,0,0,0,0,1,0
UBND Phường Tân Phú,"525 Đ. Âu Cơ, Phú Trung, Tân Phú, Thành phố Hồ Chí Minh, Việt Nam",Văn phòng chính quyền địa phương,10.781088,106.6433395,Ủy ban nhân dân Quận Tân Phú,0,0,0,0,1,0
Trung Tâm Y Tế Dự Phòng Quận Tân Phú,"44 Thống Nhất, Tân Thành, Tân Phú, Thành phố Hồ Chí Minh, Việt Nam",Bệnh viện,10.7908622,106.6342436,Trung tâm y tế Quận Tân Phú,0,0,0,1,0,0
Phòng Y Tế Quận Tân Phú,"70A Thoại Ngọc Hầu, Hòa Thạnh, Tân Phú, Thành phố Hồ Chí Minh, Việt Nam",Trung tâm y tế,10.7822011,106.6364412,Trung tâm y tế Quận Tân Phú,0,0,0,1,0,0
Bệnh Viện Quận Tân Phú,"611 Đ. Âu Cơ, Phú Trung, Tân Phú, Thành phố Hồ Chí Minh, Việt Nam",Bệnh viện đa khoa,10.783638,106.6422004,Bệnh viện Quận Tân Phú,0,0,0,1,0,0
Bệnh viện Quận Tân Phú,"34 Đ. Trần Văn Giáp, Phú Thạnh, Tân Phú, Thành phố Hồ Chí Minh, Việt Nam",Bệnh viện,10.7764927,106.6309747,Bệnh viện Quận Tân Phú,0,0,0,1,0,0
Công an Quận Tân Phú,"687 Đ. Âu Cơ, Tân Thành, Tân Phú, Thành phố Hồ Chí Minh, Việt Nam",Phòng cảnh sát trưởng,10.7903772,106.6396186,Đội Cảnh sát giao thông Quận Tân Phú,0,1,0,0,0,0
Công an Thành phố Thủ Đức,"9 XLHN, Hiệp Phú, Thủ Đức, Thành phố Hồ Chí Minh 700000, Việt Nam",Đồn cảnh sát,10.8491871,106.7753469,Công an Thành phố Thủ Đức,0,1,0,0,0,0
Công an Phường Thủ Đức,"371 Đoàn Kết, P, Thủ Đức, Thành phố Hồ Chí Minh, Việt Nam",Đồn cảnh sát,10.8492269,106.7686053,Công an Thành phố Thủ Đức,0,1,0,0,0,0
Công an Thành phố Thủ Đức,"989 Đ. Đồng Văn Cống, Phường Bình Trưng Tây, Thủ Đức, Thành phố Hồ Chí Minh, Việt Nam",Đồn cảnh sát,10.7804977,106.7566021,Công an Thành phố Thủ Đức,0,1,0,0,0,0
Cấp CCCD Công an TP Thủ Đức,"5 Nguyễn Khuyến, Bình Thọ, Thủ Đức, Thành phố Hồ Chí Minh, Việt Nam",Cảnh sát dân sự,10.8484008,106.768749,Công an Thành phố Thủ Đức,0,1,0,0,0,0
"Công An P. Cát Lái,Thành phố Thủ Đức","705/3 Nguyễn Thị Định, Cát Lái, Thủ Đức, Thành phố Hồ Chí Minh 700000, Việt Nam",Sở cảnh sát,10.7746043,106.7699033,Công an Thành phố Thủ Đức,0,1,0,0,0,0
Công An Phường Linh Trung TP Thủ Đức,"1262 Đ. Kha Vạn Cân, Phường Linh Trung, Thủ Đức, Thành phố Hồ Chí Minh 700000, Việt Nam",Đồn cảnh sát,10.8643992,106.7620874,Công an Thành phố Thủ Đức,0,1,0,0,0,0
Trung tâm Y tế TP. Thủ Đức,"48A Tăng Nhơn Phú, Tăng Nhơn Phú B, Thủ Đức, Thành phố Hồ Chí Minh, Việt Nam",Trung tâm y tế,10.8333142,106.7797155,Trung tâm y tế Thành phố Thủ Đức,0,0,0,1,0,0
Trung Tâm Y Tế Khu Vực Thủ Đức _ Trụ sở 3,"2 Đường Nguyễn Văn Lịch, Linh Chiểu, Thủ Đức, Thành phố Hồ Chí Minh, Việt Nam",Trung tâm y tế,10.8541877,106.7541522,Trung tâm y tế Thành phố Thủ Đức,0,0,0,1,0,0
Trạm Y Tế Phường Bình Thọ Thành phố Thủ Đức,"7 Khổng Tử, Bình Thọ, Thủ Đức, Thành phố Hồ Chí Minh, Việt Nam",Trung tâm y tế,10.8438674,106.7680686,Trung tâm y tế Thành phố Thủ Đức,0,0,0,1,0,0
Trung tâm y tế TP Thủ Đức (Cơ sở 2),"408 Nguyễn Thị Định, Phường Bình Trưng Tây, Thủ Đức, Thành phố Hồ Chí Minh, Việt Nam",Trung tâm cộng đồng,10.782904,106.75741,Trung tâm y tế Thành phố Thủ Đức,0,0,0,1,0,0
Trạm y tế phường Long Trường Thành phố Thủ Đức,"1341 Nguyễn Duy Trinh, Long Trường, Thủ Đức, Thành phố Hồ Chí Minh, Việt Nam",Trung tâm y tế,10.8053501,106.8167165,Trung tâm y tế Thành phố Thủ Đức,0,0,0,1,0,0
Trạm Y Tế Phường Bình Chiểu TP. Thủ Đức,"43 Đ. Bình Chiểu, Bình Chiểu, Thủ Đức, Thành phố Hồ Chí Minh, Việt Nam",Trung tâm y tế,10.8756076,106.732828,Trung tâm y tế Thành phố Thủ Đức,0,0,0,1,0,0
Trạm Y Tế Phường Tân Phú Thành phố Thủ Đức,"82 Đ. Nam Cao, Phường Tân Phú, Thủ Đức, Thành phố Hồ Chí Minh, Việt Nam",Trung tâm y tế cộng đồng,10.859178,106.8003031,Trung tâm y tế Thành phố Thủ Đức,0,0,0,1,0,0
Trạm Y Tế Phường Linh Đông thành phố Thủ Đức,"48 Đ. Lý Tế Xuyên, Linh Đông, Thủ Đức, Thành phố Hồ Chí Minh, Việt Nam",Trung tâm y tế,10.8555785,106.7474434,Trung tâm y tế Thành phố Thủ Đức,0,0,0,1,0,0
Trạm Y Tế Phường Long Thạnh Mỹ Thành phố Thủ Đức,"109 Nguyễn Văn Tăng, Long Thạnh Mỹ, Thủ Đức, Thành phố Hồ Chí Minh, Việt Nam",Trung tâm y tế,10.8455426,106.8172601,Trung tâm y tế Thành phố Thủ Đức,0,0,0,1,0,0
Trạm y tế Phường Hiệp Bình Phước Thành phố Thủ Đức,"686 QL13, Hiệp Bình Phước, Thủ Đức, Thành phố Hồ Chí Minh, Việt Nam",Trung tâm y tế,10.8560556,106.7227517,Trung tâm y tế Thành phố Thủ Đức,0,0,0,1,0,0
Trạm Y Tế Phường Phước Bình Thành phố Thủ Đức,"RQ8F+C74, Phước Bình, Thủ Đức, Thành phố Hồ Chí Minh, Việt Nam",Trung tâm y tế,10.8160159,106.7732085,Trung tâm y tế Thành phố Thủ Đức,0,0,0,1,0,0
Trạm Y Tế Phường Trường Thọ TP Thủ Đức,"71A Đ. Số 8, Khu Phố 2, Thủ Đức, Thành phố Hồ Chí Minh 71317, Việt Nam",Trung tâm y tế,10.8447093,106.7562477,Trung tâm y tế Thành phố Thủ Đức,0,0,0,1,0,0
Trạm Y Tế Phường Linh Xuân thành phố Thủ Đức,"VQG9+HVG, Unnamed Road, Linh Xuân, Thủ Đức, Thành phố Hồ Chí Minh, Việt Nam",Bệnh viện,10.8764358,106.7696955,Trung tâm y tế Thành phố Thủ Đức,0,0,0,1,0,0
Trạm Y Tế Phường Tam Phú Quận Thủ Đức,"104 Đ. Số 4, Khu Phố 3, Thủ Đức, Bình Dương, Việt Nam",Trung tâm y tế,10.8640702,106.7503735,Trung tâm y tế Thành phố Thủ Đức,0,0,0,1,0,0
Đội cảnh sát Giao thông - Trật tự Thủ Đức,"10 Nguyễn Khuyến, Bình Thọ, Thủ Đức, Thành phố Hồ Chí Minh, Việt Nam",Văn phòng chính phủ,10.8485922,106.7701162,Đội Cảnh sát giao thông Thành phố Thủ Đức,0,0,0,0,1,1
Đội Cảnh Sát Giao Thông Quận Thủ Đức,"23 Bác Ái, Bình Thọ, Thủ Đức, Thành phố Hồ Chí Minh, Việt Nam",Trạm cảnh sát giao thông,10.8471259,106.7664495,Đội Cảnh sát giao thông Thành phố Thủ Đức,0,1,0,0,0,1
ĐỘI CẢNH SÁT PCCC & CNCH KV3 TP THỦ ĐỨC,"VQ84+F84, Linh Tây, Thủ Đức, Thành phố Hồ Chí Minh, Việt Nam",Trạm cứu hỏa,10.8661391,106.7558415,Đội Cảnh sát PCCC và CNCH Thành phố Thủ Đức,0,0,0,0,0,1
Đội Cảnh sát Phòng cháy và chữa cháy quận 2,"K1, Phường Thạnh Mỹ Lợi, Thủ Đức, Thành phố Hồ Chí Minh, Việt Nam",Trạm cứu hỏa,10.7608653,106.7697087,Đội Cảnh sát PCCC và CNCH Thành phố Thủ Đức,0,0,0,0,0,1
Văn phòng công chứng ĐÔNG THÀNH PHỐ,"982 Đ. Kha Vạn Cân, Linh Chiểu, Thủ Đức, Thành phố Hồ Chí Minh 70000, Việt Nam",Công chứng viên,10.8532363,106.7547841,Phòng công chứng Thành phố Thủ Đức,0,0,0,0,1,0
VĂN PHÒNG CÔNG CHỨNG THỦ ĐỨC,"QPRW+9RX, ĐCT Thành phố Hồ Chí Minh - Long Thành - Dầu Giây, An Phú, Thủ Đức, Thành phố Hồ Chí Minh, Việt Nam",Văn phòng công ty,10.7909948,106.7470947,Phòng công chứng Thành phố Thủ Đức,0,0,0,0,1,0
Bệnh viện Từ Dũ,"284 Cống Quỳnh, Phường Phạm Ngũ Lão, Quận 1, Thành phố Hồ Chí Minh 700000, Việt Nam",Nhà hộ sinh,10.7684837,106.6853651,Bệnh viện ở Quận 1 TP.HCM,0,0,0,1,0,0
Bệnh viện Nhi Đồng 2,"14 Lý Tự Trọng, Bến Nghé, Quận 1, Thành phố Hồ Chí Minh, Việt Nam",Bệnh viện nhi,10.7805174,106.7032367,Quận 1 TPHCM bệnh viện,0,0,0,1,0,0
Bệnh Viện JW Hàn Quốc,"50 Tôn Thất Tùng, Phường Phạm Ngũ Lão, Quận 1, Thành phố Hồ Chí Minh 700000, Việt Nam",Bệnh viện chuyên khoa,10.7695502,106.6891521,Quận 1 TPHCM bệnh viện,0,0,0,1,0,0
Trung Tâm Y Tế Quận 1,"2 Đặng Tất, Phường Tân Định, Quận 1, Thành phố Hồ Chí Minh 70000, Việt Nam",Trung tâm y tế,10.7931338,106.6894559,Quận 1 TPHCM bệnh viện,0,0,0,1,0,0
Bệnh viện Răng hàm mặt – Phẫu thuật thẩm mỹ Worldwide,"244A Đ. Cống Quỳnh, Phường Phạm Ngũ Lão, Quận 1, Thành phố Hồ Chí Minh 711245, Việt Nam",Bệnh viện,10.767174,106.6878289,Quận 1 TPHCM bệnh viện,0,0,0,1,0,0
Đội Cảnh Sát Trật Tự Quận 1,"73 Yersin, Phường Nguyễn Thái Bình, 1, Thành phố Hồ Chí Minh, Việt Nam",Đồn cảnh sát,10.7676754,106.6972124,Đội Cảnh sát giao thông Quận 1 TPHCM,0,1,0,0,0,0
Đội Tham mưu - Phòng CSGT TpHCM,"393 Trần Hưng Đạo, Cầu Kho, Quận 1, Thành phố Hồ Chí Minh, Việt Nam",Sở cảnh sát,10.7598774,106.6886106,Đội Cảnh sát giao thông Quận 1 TPHCM,0,1,0,0,0,1
Phòng Cảnh sát Giao thông PC08,"341 Đường Trần Hưng Đạo, Cầu Kho, Quận 1, Thành phố Hồ Chí Minh, Việt Nam",Sở cảnh sát,10.7610223,106.6894864,Công an giao thông Quận 1 Hồ Chí Minh,0,1,0,0,0,1
Công an phường Võ Thị Sáu quận 3,"122 Trần Quốc Thảo, Phường 14, Quận 3, Thành phố Hồ Chí Minh, Việt Nam",Sở cảnh sát,10.7851272,106.6836356,Công an ở Quận 3 TPHCM,0,1,0,0,0,0
Bệnh Viện Quận 3,"114 Trần Quốc Thảo, Phường 14, Quận 3, Thành phố Hồ Chí Minh, Việt Nam",Bệnh viện,10.7847873,106.6839614,bệnh viện ở quận 3 tphcm,0,0,0,1,0,0
Bệnh viện Da Liễu TP.HCM,"2 Nguyễn Thông, Phường 6, Quận 3, Thành phố Hồ Chí Minh 700000, Việt Nam",Bệnh viện chuyên khoa,10.7764073,106.6865735,bệnh viện ở quận 3 tphcm,0,0,0,1,0,0
Bệnh Viện Tai Mũi Họng Tp. HCM,"153 - 155 - 157 Trần Quốc Thảo, Phường 9, Quận 3, Thành phố Hồ Chí Minh, Việt Nam",Bệnh viện chuyên khoa,10.7842921,106.6840656,bệnh viện ở quận 3 tphcm,0,0,0,1,0,0
Bệnh Viện Giao Thông Vận Tải TP.HCM - Phòng Khám Đa khoa 136,"136 Cách Mạng Tháng Tám, Phường 9, Quận 3, Thành phố Hồ Chí Minh, Việt Nam",Bệnh viện,10.7787988,106.6800156,bệnh viện ở quận 3 tphcm,0,0,0,1,0,0
Công An Quận 4,"14 Đoàn Như Hài, Phường 12, Quận 4, Thành phố Hồ Chí Minh, Việt Nam",Đồn cảnh sát,10.7667934,106.7057798,CSGT Quận 4 TPHCM,0,1,0,0,0,0
Đội Cảnh Sát Trật Tự Giao Thông Quận 4,"92 Hoàng Diệu, Phường 13, 4, Thành phố Hồ Chí Minh, Việt Nam",Tòa án,10.7642518,106.7048256,CSGT Quận 4 TPHCM,0,1,0,0,0,1
Tổ Đăng Ký Xe - đội CSGT- CA Q4,"360D Bến Vân Đồn, Phường 1, Quận 4, Hồ Chí Minh, Việt Nam",Văn phòng chính phủ,10.7547721,106.6915094,CSGT Quận 4 TPHCM,0,0,0,0,1,1
Bệnh viện Bình Phú,"2D Đ. Chợ Lớn, Phường 11, Quận 6, Thành phố Hồ Chí Minh, Việt Nam",Bệnh viện đa khoa,10.7465392,106.6345087,Tìm bệnh viện ở Quận 6,0,0,0,1,0,0
Bệnh viện Nam học Sài Gòn,"87 Đ. Lý Chiêu Hoàng, Phường 10, Quận 6, Thành phố Hồ Chí Minh, Việt Nam",Bệnh viện,10.7363478,106.6328113,Tìm bệnh viện ở Quận 6,0,0,0,1,0,0
Trung tâm Y tế Quận 6,"A14/1 Bà Hom, Phường 13, Quận 6, Thành phố Hồ Chí Minh, Việt Nam",Trung tâm y tế,10.7544228,106.6294253,Tìm bệnh viện ở Quận 6,0,0,0,1,0,0
Công an phường Phú Mỹ,"30 Lô K, Đường D1, Phú Mỹ, Quận 7, Thành phố Hồ Chí Minh, Việt Nam",Cảnh sát dân sự,10.7022269,106.7319245,Quận 7 TPHCM Công an,0,1,0,0,0,0
Công An Phường Tân Thuận Tây Quận 7,"36A Huỳnh Tấn Phát, Tân Thuận Đông, Quận 7, Thành phố Hồ Chí Minh, Việt Nam",Cảnh sát dân sự,10.7556381,106.7220216,Quận 7 TPHCM Công an,0,1,0,0,0,0
Công An Phường Tân Quy,"25 Đường số 85, P, Quận 7, Thành phố Hồ Chí Minh, Việt Nam",Sở cảnh sát,10.7391905,106.7117217,Quận 7 TPHCM Công an,0,1,0,0,0,0
Công an Phường Tân Thuận,"33 Đường số 45, P, Quận 7, Thành phố Hồ Chí Minh, Việt Nam",Đồn cảnh sát,10.7424083,106.7172158,Quận 7 TPHCM Công an,0,1,0,0,0,0
Bệnh viện Quận 7,"101 Đ. Nguyễn Thị Thập, Phường Tân Mỹ, Quận 7, Thành phố Hồ Chí Minh 00700, Việt Nam",Bệnh viện đa khoa,10.7373313,106.7241657,Bệnh viện tại Quận 7 TP.HCM,0,0,0,1,0,0
Bệnh viện Đa khoa Tân Hưng,"871 Đ. Trần Xuân Soạn, Tân Hưng, Quận 7, Thành phố Hồ Chí Minh, Việt Nam",Bệnh viện đa khoa,10.7512252,106.6963562,Bệnh viện tại Quận 7 TP.HCM,0,0,0,1,0,0
Bệnh viện Tim Tâm Đức,"4 Nguyễn Lương Bằng, Phường Tân Mỹ, Quận 7, Thành phố Hồ Chí Minh, Việt Nam",Bệnh viện,10.7333783,106.7179385,Bệnh viện tại Quận 7 TP.HCM,0,0,0,1,0,0
Bệnh viện Quận 8,"82 Cao Lỗ, Phường 4, Quận 8, Thành phố Hồ Chí Minh, Việt Nam",Bệnh viện đa khoa,10.7416667,106.6763889,Bệnh viện ở Quận 8 TPHCM,0,0,0,1,0,0
Bệnh viện Đa khoa Tâm Anh - Quận 8,"316C Đ. Phạm Hùng, Phường 5, Quận 8, Thành phố Hồ Chí Minh 700000, Việt Nam",Bệnh viện đa khoa,10.7395149,106.6691869,Bệnh viện ở Quận 8 TPHCM,0,0,0,1,0,0
Bệnh viện Phục hồi Chức năng - Điều trị Bệnh Nghề nghiệp TP. HCM,"313 Âu Dương Lân, Phường 2, Quận 8, Thành phố Hồ Chí Minh, Việt Nam",Bệnh viện,10.7412467,106.6861568,Bệnh viện ở Quận 8 TPHCM,0,0,0,1,0,0
Bệnh viện Đa khoa Vạn Hạnh,"B1-B3-B5, Hẻm 781 Lê Hồng Phong, Phường 12, Quận 10, Thành phố Hồ Chí Minh, Việt Nam",Bệnh viện,10.7717971,106.6713769,Bệnh viện ở Quận 10 TP.HCM,0,0,0,1,0,0
Công an Quận 11,"272 Đ. Bình Thới, Phường 10, Quận 11, Thành phố Hồ Chí Minh, Việt Nam",Cảnh sát dân sự,10.7635754,106.6430589,Công an ở Quận 11,0,1,0,0,0,0
Công An Phường 11 Quận 11,"133 Đ. Bình Thới, Phường 11, Quận 11, Thành phố Hồ Chí Minh, Việt Nam",Đồn cảnh sát,10.7661988,106.647978,Công an ở Quận 11,0,1,0,0,0,0
Công An Phường 3 Quận 11,"117 Lạc Long Quân, Phường 3, Quận 11, Thành phố Hồ Chí Minh, Việt Nam",Cảnh sát dân sự,10.7616551,106.6418436,Công an ở Quận 11,0,1,0,0,0,0
Công An Phường 1 Quận 11,"36A/15 Hẻm 762 Đ. Hồng Bàng, Phường 1, Quận 11, Thành phố Hồ Chí Minh, Việt Nam",Đồn cảnh sát,10.756969,106.639375,Công an ở Quận 11,0,1,0,0,0,0
PHÒNG KHÁM ĐA KHOA PHÚ ĐỨC,"838 Nguyễn Chí Thanh, Phường 7, Quận 11, Thành phố Hồ Chí Minh, Việt Nam",Bệnh viện,10.7570112,106.6534756,tìm bệnh viện tại Quận 11 Sài Gòn,0,0,0,1,0,0
Bệnh Viện Chuyên Khoa Răng Hàm Mặt Mỹ Thiện,"6/2 Đ. Số 3 Cư Xá Lữ Gia, Phường 15, Quận 11, Thành phố Hồ Chí Minh 700000, Việt Nam",Bệnh viện,10.7740492,106.6564175,tìm bệnh viện tại Quận 11 Sài Gòn,0,0,0,1,0,0
PK NỘI SOI SỐ 09,"9 Đ. Lê Đại Hành, Phường 7, Quận 11, Thành phố Hồ Chí Minh, Việt Nam",Bệnh viện,10.7585586,106.6591193,tìm bệnh viện tại Quận 11 Sài Gòn,0,0,0,1,0,0
Phòng Khám Đa Khoa Đại Phước,"Đ. 3 Tháng 2, Phường 7, Quận 11, Thành phố Hồ Chí Minh 700000, Việt Nam",Phòng khám,10.7634507,106.6596481,tìm bệnh viện tại Quận 11 Sài Gòn,0,0,0,1,0,0
Bệnh viện Thống Nhất,"1 Đ. Lý Thường Kiệt, Phường 7, Tân Bình, Thành phố Hồ Chí Minh 700000, Việt Nam",Bệnh viện đa khoa,10.7915151,106.6534539,tìm bệnh viện tại Quận 11 Sài Gòn,0,0,0,1,0,0
Phòng Khám Đa Khoa Ngọc Minh cơ sở 2,"262/4 Lạc Long Quân, Phú Thọ Hoà, Quận 11, Thành phố Hồ Chí Minh 72600, Việt Nam",Phòng khám,10.7658793,106.642607,tìm bệnh viện tại Quận 11 Sài Gòn,0,0,0,1,0,0
Phòng khám gan mật TPHCM | Cty CP Bệnh Viện Gan Tâm Đức,"229 Nguyễn Chí Thanh, Phường 12, Quận 5, Thành phố Hồ Chí Minh 700000, Việt Nam",Bệnh viện đa khoa,10.7574164,106.6575104,tìm bệnh viện tại Quận 11 Sài Gòn,0,0,0,1,0,0
Bệnh viện An Bình,"146 Đ. An Bình, Phường An Đông, Quận 5, Thành phố Hồ Chí Minh, Việt Nam",Bệnh viện đa khoa,10.7542613,106.6715847,tìm bệnh viện tại Quận 11 Sài Gòn,0,0,0,1,0,0
Bệnh Viện Lãnh Binh Thăng - Khoa Y Học Dân Tộc,"99 C, 124 Tạ Uyên, Phường 7, Quận 11, Thành phố Hồ Chí Minh 700000, Việt Nam",Bệnh viện,10.7583297,106.6537001,các bệnh viện ở Quận 11 TP.HCM,0,0,0,1,0,0
